concurso,data,posicao,numero,valor,tipo_extracao
5000,2020-01-04,1,06863,,regular
5000,2020-01-04,2,35084,,regular
5000,2020-01-04,3,11427,,regular
5000,2020-01-04,4,53377,,regular
5000,2020-01-04,5,34937,,regular
5001,2020-01-07,1,14116,,regular
5001,2020-01-07,2,05000,,regular
5001,2020-01-07,3,49692,,regular
5001,2020-01-07,4,70281,,regular
5001,2020-01-07,5,73704,,regular
5002,2020-01-10,1,43541,,regular
5002,2020-01-10,2,44669,,regular
5002,2020-01-10,3,06802,,regular
5002,2020-01-10,4,20927,,regular
5002,2020-01-10,5,17702,,regular
5003,2020-01-13,1,44199,,regular
5003,2020-01-13,2,73526,,regular
5003,2020-01-13,3,43751,,regular
5003,2020-01-13,4,91971,,regular
5003,2020-01-13,5,32134,,regular
5004,2020-01-16,1,21466,,regular
5004,2020-01-16,2,00218,,regular
5004,2020-01-16,3,57183,,regular
5004,2020-01-16,4,11483,,regular
5004,2020-01-16,5,78328,,regular
5005,2020-01-19,1,49492,,regular
5005,2020-01-19,2,09158,,regular
5005,2020-01-19,3,00864,,regular
5005,2020-01-19,4,41347,,regular
5005,2020-01-19,5,95949,,regular
5006,2020-01-22,1,58762,,regular
5006,2020-01-22,2,13374,,regular
5006,2020-01-22,3,05752,,regular
5006,2020-01-22,4,12158,,regular
5006,2020-01-22,5,87443,,regular
5007,2020-01-25,1,18635,,regular
5007,2020-01-25,2,16547,,regular
5007,2020-01-25,3,02783,,regular
5007,2020-01-25,4,38247,,regular
5007,2020-01-25,5,56444,,regular
5008,2020-01-28,1,75157,,regular
5008,2020-01-28,2,62511,,regular
5008,2020-01-28,3,34776,,regular
5008,2020-01-28,4,61511,,regular
5008,2020-01-28,5,04816,,regular
5009,2020-01-31,1,39989,,regular
5009,2020-01-31,2,45018,,regular
5009,2020-01-31,3,68376,,regular
5009,2020-01-31,4,63302,,regular
5009,2020-01-31,5,27113,,regular
5010,2020-02-03,1,79810,,regular
5010,2020-02-03,2,83723,,regular
5010,2020-02-03,3,69084,,regular
5010,2020-02-03,4,74031,,regular
5010,2020-02-03,5,41322,,regular
5011,2020-02-06,1,01644,,regular
5011,2020-02-06,2,52197,,regular
5011,2020-02-06,3,84692,,regular
5011,2020-02-06,4,67207,,regular
5011,2020-02-06,5,56935,,regular
5012,2020-02-09,1,89762,,regular
5012,2020-02-09,2,70584,,regular
5012,2020-02-09,3,83670,,regular
5012,2020-02-09,4,87380,,regular
5012,2020-02-09,5,78185,,regular
5013,2020-02-12,1,63718,,regular
5013,2020-02-12,2,68237,,regular
5013,2020-02-12,3,87617,,regular
5013,2020-02-12,4,54984,,regular
5013,2020-02-12,5,49089,,regular
5014,2020-02-15,1,66855,,regular
5014,2020-02-15,2,04173,,regular
5014,2020-02-15,3,98850,,regular
5014,2020-02-15,4,84600,,regular
5014,2020-02-15,5,23784,,regular
5015,2020-02-18,1,95135,,regular
5015,2020-02-18,2,10827,,regular
5015,2020-02-18,3,63819,,regular
5015,2020-02-18,4,86255,,regular
5015,2020-02-18,5,34326,,regular
5016,2020-02-21,1,22298,,regular
5016,2020-02-21,2,43896,,regular
5016,2020-02-21,3,44160,,regular
5016,2020-02-21,4,72640,,regular
5016,2020-02-21,5,51274,,regular
5017,2020-02-24,1,09606,,regular
5017,2020-02-24,2,94779,,regular
5017,2020-02-24,3,59869,,regular
5017,2020-02-24,4,50810,,regular
5017,2020-02-24,5,75126,,regular
5018,2020-02-27,1,44054,,regular
5018,2020-02-27,2,02137,,regular
5018,2020-02-27,3,24780,,regular
5018,2020-02-27,4,76834,,regular
5018,2020-02-27,5,11554,,regular
5019,2020-03-01,1,82354,,regular
5019,2020-03-01,2,47646,,regular
5019,2020-03-01,3,01681,,regular
5019,2020-03-01,4,46126,,regular
5019,2020-03-01,5,30032,,regular
5020,2020-03-04,1,53178,,regular
5020,2020-03-04,2,69729,,regular
5020,2020-03-04,3,65668,,regular
5020,2020-03-04,4,94852,,regular
5020,2020-03-04,5,07828,,regular
5021,2020-03-07,1,83728,,regular
5021,2020-03-07,2,37709,,regular
5021,2020-03-07,3,64851,,regular
5021,2020-03-07,4,82574,,regular
5021,2020-03-07,5,94410,,regular
5022,2020-03-10,1,30588,,regular
5022,2020-03-10,2,71325,,regular
5022,2020-03-10,3,63414,,regular
5022,2020-03-10,4,23277,,regular
5022,2020-03-10,5,20153,,regular
5023,2020-03-13,1,70304,,regular
5023,2020-03-13,2,58261,,regular
5023,2020-03-13,3,49622,,regular
5023,2020-03-13,4,98520,,regular
5023,2020-03-13,5,60462,,regular
5024,2020-03-16,1,05784,,regular
5024,2020-03-16,2,01330,,regular
5024,2020-03-16,3,17659,,regular
5024,2020-03-16,4,59813,,regular
5024,2020-03-16,5,25320,,regular
5025,2020-03-19,1,02753,,regular
5025,2020-03-19,2,33601,,regular
5025,2020-03-19,3,46143,,regular
5025,2020-03-19,4,89779,,regular
5025,2020-03-19,5,35642,,regular
5026,2020-03-22,1,56920,,regular
5026,2020-03-22,2,83134,,regular
5026,2020-03-22,3,55097,,regular
5026,2020-03-22,4,00046,,regular
5026,2020-03-22,5,14237,,regular
5027,2020-03-25,1,80948,,regular
5027,2020-03-25,2,08206,,regular
5027,2020-03-25,3,66888,,regular
5027,2020-03-25,4,46538,,regular
5027,2020-03-25,5,92674,,regular
5028,2020-03-28,1,11637,,regular
5028,2020-03-28,2,10866,,regular
5028,2020-03-28,3,56780,,regular
5028,2020-03-28,4,01122,,regular
5028,2020-03-28,5,70228,,regular
5029,2020-03-31,1,49474,,regular
5029,2020-03-31,2,09631,,regular
5029,2020-03-31,3,71641,,regular
5029,2020-03-31,4,90990,,regular
5029,2020-03-31,5,83242,,regular
5030,2020-04-03,1,52980,,regular
5030,2020-04-03,2,03819,,regular
5030,2020-04-03,3,42265,,regular
5030,2020-04-03,4,34411,,regular
5030,2020-04-03,5,61932,,regular
5031,2020-04-06,1,04329,,regular
5031,2020-04-06,2,98410,,regular
5031,2020-04-06,3,73608,,regular
5031,2020-04-06,4,43886,,regular
5031,2020-04-06,5,54273,,regular
5032,2020-04-09,1,45661,,regular
5032,2020-04-09,2,03118,,regular
5032,2020-04-09,3,83771,,regular
5032,2020-04-09,4,83372,,regular
5032,2020-04-09,5,21477,,regular
5033,2020-04-12,1,54924,,regular
5033,2020-04-12,2,08420,,regular
5033,2020-04-12,3,94072,,regular
5033,2020-04-12,4,89004,,regular
5033,2020-04-12,5,18872,,regular
5034,2020-04-15,1,48773,,regular
5034,2020-04-15,2,87655,,regular
5034,2020-04-15,3,30797,,regular
5034,2020-04-15,4,97532,,regular
5034,2020-04-15,5,10272,,regular
5035,2020-04-18,1,82250,,regular
5035,2020-04-18,2,07491,,regular
5035,2020-04-18,3,99360,,regular
5035,2020-04-18,4,67986,,regular
5035,2020-04-18,5,50752,,regular
5036,2020-04-21,1,70455,,regular
5036,2020-04-21,2,40129,,regular
5036,2020-04-21,3,19154,,regular
5036,2020-04-21,4,85974,,regular
5036,2020-04-21,5,38167,,regular
5037,2020-04-24,1,51020,,regular
5037,2020-04-24,2,48298,,regular
5037,2020-04-24,3,16576,,regular
5037,2020-04-24,4,70113,,regular
5037,2020-04-24,5,44266,,regular
5038,2020-04-27,1,67777,,regular
5038,2020-04-27,2,15671,,regular
5038,2020-04-27,3,82525,,regular
5038,2020-04-27,4,21863,,regular
5038,2020-04-27,5,77240,,regular
5039,2020-04-30,1,50626,,regular
5039,2020-04-30,2,56646,,regular
5039,2020-04-30,3,08133,,regular
5039,2020-04-30,4,97171,,regular
5039,2020-04-30,5,17827,,regular
5040,2020-05-03,1,59603,,regular
5040,2020-05-03,2,87614,,regular
5040,2020-05-03,3,02701,,regular
5040,2020-05-03,4,45814,,regular
5040,2020-05-03,5,58946,,regular
5041,2020-05-06,1,96789,,regular
5041,2020-05-06,2,97014,,regular
5041,2020-05-06,3,94389,,regular
5041,2020-05-06,4,93195,,regular
5041,2020-05-06,5,87665,,regular
5042,2020-05-09,1,59132,,regular
5042,2020-05-09,2,39820,,regular
5042,2020-05-09,3,56231,,regular
5042,2020-05-09,4,03703,,regular
5042,2020-05-09,5,20785,,regular
5043,2020-05-12,1,68365,,regular
5043,2020-05-12,2,42579,,regular
5043,2020-05-12,3,67743,,regular
5043,2020-05-12,4,67465,,regular
5043,2020-05-12,5,72951,,regular
5044,2020-05-15,1,18005,,regular
5044,2020-05-15,2,45032,,regular
5044,2020-05-15,3,65552,,regular
5044,2020-05-15,4,13733,,regular
5044,2020-05-15,5,71494,,regular
5045,2020-05-18,1,95201,,regular
5045,2020-05-18,2,48365,,regular
5045,2020-05-18,3,29478,,regular
5045,2020-05-18,4,74735,,regular
5045,2020-05-18,5,44575,,regular
5046,2020-05-21,1,12170,,regular
5046,2020-05-21,2,35618,,regular
5046,2020-05-21,3,66361,,regular
5046,2020-05-21,4,31881,,regular
5046,2020-05-21,5,26643,,regular
5047,2020-05-24,1,42212,,regular
5047,2020-05-24,2,34674,,regular
5047,2020-05-24,3,52188,,regular
5047,2020-05-24,4,05639,,regular
5047,2020-05-24,5,65607,,regular
5048,2020-05-27,1,10533,,regular
5048,2020-05-27,2,25833,,regular
5048,2020-05-27,3,66208,,regular
5048,2020-05-27,4,26148,,regular
5048,2020-05-27,5,99367,,regular
5049,2020-05-30,1,02249,,regular
5049,2020-05-30,2,25449,,regular
5049,2020-05-30,3,35160,,regular
5049,2020-05-30,4,74006,,regular
5049,2020-05-30,5,30268,,regular
5050,2020-06-02,1,11154,,regular
5050,2020-06-02,2,78656,,regular
5050,2020-06-02,3,41553,,regular
5050,2020-06-02,4,10976,,regular
5050,2020-06-02,5,44714,,regular
5051,2020-06-05,1,72683,,regular
5051,2020-06-05,2,70475,,regular
5051,2020-06-05,3,17493,,regular
5051,2020-06-05,4,70016,,regular
5051,2020-06-05,5,17753,,regular
5052,2020-06-08,1,63433,,regular
5052,2020-06-08,2,64525,,regular
5052,2020-06-08,3,95756,,regular
5052,2020-06-08,4,52213,,regular
5052,2020-06-08,5,03699,,regular
5053,2020-06-11,1,33666,,regular
5053,2020-06-11,2,93554,,regular
5053,2020-06-11,3,75752,,regular
5053,2020-06-11,4,63716,,regular
5053,2020-06-11,5,44632,,regular
5054,2020-06-14,1,51880,,regular
5054,2020-06-14,2,29379,,regular
5054,2020-06-14,3,65700,,regular
5054,2020-06-14,4,16528,,regular
5054,2020-06-14,5,79921,,regular
5055,2020-06-17,1,83202,,regular
5055,2020-06-17,2,00781,,regular
5055,2020-06-17,3,78800,,regular
5055,2020-06-17,4,79843,,regular
5055,2020-06-17,5,64811,,regular
5056,2020-06-20,1,45009,,regular
5056,2020-06-20,2,91197,,regular
5056,2020-06-20,3,76627,,regular
5056,2020-06-20,4,16032,,regular
5056,2020-06-20,5,90606,,regular
5057,2020-06-23,1,06872,,regular
5057,2020-06-23,2,47270,,regular
5057,2020-06-23,3,60392,,regular
5057,2020-06-23,4,47427,,regular
5057,2020-06-23,5,87680,,regular
5058,2020-06-26,1,55150,,regular
5058,2020-06-26,2,41354,,regular
5058,2020-06-26,3,47011,,regular
5058,2020-06-26,4,28389,,regular
5058,2020-06-26,5,58857,,regular
5059,2020-06-29,1,44962,,regular
5059,2020-06-29,2,98790,,regular
5059,2020-06-29,3,25227,,regular
5059,2020-06-29,4,23681,,regular
5059,2020-06-29,5,50118,,regular
5060,2020-07-02,1,08184,,regular
5060,2020-07-02,2,54359,,regular
5060,2020-07-02,3,49195,,regular
5060,2020-07-02,4,65598,,regular
5060,2020-07-02,5,34796,,regular
5061,2020-07-05,1,22921,,regular
5061,2020-07-05,2,73273,,regular
5061,2020-07-05,3,49336,,regular
5061,2020-07-05,4,48302,,regular
5061,2020-07-05,5,09064,,regular
5062,2020-07-08,1,38784,,regular
5062,2020-07-08,2,16033,,regular
5062,2020-07-08,3,34788,,regular
5062,2020-07-08,4,65906,,regular
5062,2020-07-08,5,79357,,regular
5063,2020-07-11,1,42235,,regular
5063,2020-07-11,2,07197,,regular
5063,2020-07-11,3,49884,,regular
5063,2020-07-11,4,06763,,regular
5063,2020-07-11,5,76804,,regular
5064,2020-07-14,1,50910,,regular
5064,2020-07-14,2,39126,,regular
5064,2020-07-14,3,14085,,regular
5064,2020-07-14,4,61020,,regular
5064,2020-07-14,5,75173,,regular
5065,2020-07-17,1,92581,,regular
5065,2020-07-17,2,42558,,regular
5065,2020-07-17,3,31807,,regular
5065,2020-07-17,4,84782,,regular
5065,2020-07-17,5,58382,,regular
5066,2020-07-20,1,34853,,regular
5066,2020-07-20,2,57569,,regular
5066,2020-07-20,3,73762,,regular
5066,2020-07-20,4,74910,,regular
5066,2020-07-20,5,45095,,regular
5067,2020-07-23,1,32560,,regular
5067,2020-07-23,2,90501,,regular
5067,2020-07-23,3,59701,,regular
5067,2020-07-23,4,65666,,regular
5067,2020-07-23,5,75360,,regular
5068,2020-07-26,1,36047,,regular
5068,2020-07-26,2,44194,,regular
5068,2020-07-26,3,06392,,regular
5068,2020-07-26,4,23882,,regular
5068,2020-07-26,5,16166,,regular
5069,2020-07-29,1,02609,,regular
5069,2020-07-29,2,56114,,regular
5069,2020-07-29,3,86534,,regular
5069,2020-07-29,4,65071,,regular
5069,2020-07-29,5,96175,,regular
5070,2020-08-01,1,17287,,regular
5070,2020-08-01,2,62563,,regular
5070,2020-08-01,3,70137,,regular
5070,2020-08-01,4,05604,,regular
5070,2020-08-01,5,61644,,regular
5071,2020-08-04,1,71029,,regular
5071,2020-08-04,2,18553,,regular
5071,2020-08-04,3,42708,,regular
5071,2020-08-04,4,48467,,regular
5071,2020-08-04,5,28948,,regular
5072,2020-08-07,1,78340,,regular
5072,2020-08-07,2,04214,,regular
5072,2020-08-07,3,60739,,regular
5072,2020-08-07,4,66075,,regular
5072,2020-08-07,5,78825,,regular
5073,2020-08-10,1,37841,,regular
5073,2020-08-10,2,92503,,regular
5073,2020-08-10,3,76035,,regular
5073,2020-08-10,4,01826,,regular
5073,2020-08-10,5,42024,,regular
5074,2020-08-13,1,95662,,regular
5074,2020-08-13,2,50659,,regular
5074,2020-08-13,3,29828,,regular
5074,2020-08-13,4,90176,,regular
5074,2020-08-13,5,08209,,regular
5075,2020-08-16,1,33208,,regular
5075,2020-08-16,2,37367,,regular
5075,2020-08-16,3,22022,,regular
5075,2020-08-16,4,54533,,regular
5075,2020-08-16,5,46874,,regular
5076,2020-08-19,1,55702,,regular
5076,2020-08-19,2,05689,,regular
5076,2020-08-19,3,79568,,regular
5076,2020-08-19,4,01700,,regular
5076,2020-08-19,5,65117,,regular
5077,2020-08-22,1,88312,,regular
5077,2020-08-22,2,21596,,regular
5077,2020-08-22,3,25983,,regular
5077,2020-08-22,4,06110,,regular
5077,2020-08-22,5,35317,,regular
5078,2020-08-25,1,68782,,regular
5078,2020-08-25,2,21748,,regular
5078,2020-08-25,3,96550,,regular
5078,2020-08-25,4,69629,,regular
5078,2020-08-25,5,25435,,regular
5079,2020-08-28,1,39682,,regular
5079,2020-08-28,2,65514,,regular
5079,2020-08-28,3,61261,,regular
5079,2020-08-28,4,29378,,regular
5079,2020-08-28,5,37020,,regular
5080,2020-08-31,1,69181,,regular
5080,2020-08-31,2,12079,,regular
5080,2020-08-31,3,13530,,regular
5080,2020-08-31,4,58027,,regular
5080,2020-08-31,5,80328,,regular
5081,2020-09-03,1,71429,,regular
5081,2020-09-03,2,73059,,regular
5081,2020-09-03,3,36608,,regular
5081,2020-09-03,4,25598,,regular
5081,2020-09-03,5,68250,,regular
5082,2020-09-06,1,08883,,regular
5082,2020-09-06,2,83294,,regular
5082,2020-09-06,3,51430,,regular
5082,2020-09-06,4,53269,,regular
5082,2020-09-06,5,58793,,regular
5083,2020-09-09,1,14542,,regular
5083,2020-09-09,2,07884,,regular
5083,2020-09-09,3,74712,,regular
5083,2020-09-09,4,56709,,regular
5083,2020-09-09,5,99837,,regular
5084,2020-09-12,1,85732,,regular
5084,2020-09-12,2,57148,,regular
5084,2020-09-12,3,67802,,regular
5084,2020-09-12,4,46722,,regular
5084,2020-09-12,5,20165,,regular
5085,2020-09-15,1,64647,,regular
5085,2020-09-15,2,17637,,regular
5085,2020-09-15,3,25488,,regular
5085,2020-09-15,4,27738,,regular
5085,2020-09-15,5,31629,,regular
5086,2020-09-18,1,04922,,regular
5086,2020-09-18,2,32044,,regular
5086,2020-09-18,3,27285,,regular
5086,2020-09-18,4,09625,,regular
5086,2020-09-18,5,52907,,regular
5087,2020-09-21,1,03389,,regular
5087,2020-09-21,2,01436,,regular
5087,2020-09-21,3,54030,,regular
5087,2020-09-21,4,86011,,regular
5087,2020-09-21,5,42194,,regular
5088,2020-09-24,1,71686,,regular
5088,2020-09-24,2,03925,,regular
5088,2020-09-24,3,05484,,regular
5088,2020-09-24,4,32313,,regular
5088,2020-09-24,5,95783,,regular
5089,2020-09-27,1,57103,,regular
5089,2020-09-27,2,91596,,regular
5089,2020-09-27,3,38192,,regular
5089,2020-09-27,4,24369,,regular
5089,2020-09-27,5,39870,,regular
5090,2020-09-30,1,14774,,regular
5090,2020-09-30,2,37034,,regular
5090,2020-09-30,3,87942,,regular
5090,2020-09-30,4,84283,,regular
5090,2020-09-30,5,42574,,regular
5091,2020-10-03,1,27788,,regular
5091,2020-10-03,2,67566,,regular
5091,2020-10-03,3,03403,,regular
5091,2020-10-03,4,98128,,regular
5091,2020-10-03,5,47386,,regular
5092,2020-10-06,1,20037,,regular
5092,2020-10-06,2,61065,,regular
5092,2020-10-06,3,29482,,regular
5092,2020-10-06,4,54301,,regular
5092,2020-10-06,5,29104,,regular
5093,2020-10-09,1,66919,,regular
5093,2020-10-09,2,86824,,regular
5093,2020-10-09,3,56964,,regular
5093,2020-10-09,4,51206,,regular
5093,2020-10-09,5,73463,,regular
5094,2020-10-12,1,24767,,regular
5094,2020-10-12,2,51129,,regular
5094,2020-10-12,3,10101,,regular
5094,2020-10-12,4,65134,,regular
5094,2020-10-12,5,05582,,regular
5095,2020-10-15,1,37589,,regular
5095,2020-10-15,2,18248,,regular
5095,2020-10-15,3,62343,,regular
5095,2020-10-15,4,95842,,regular
5095,2020-10-15,5,94432,,regular
5096,2020-10-18,1,14003,,regular
5096,2020-10-18,2,16512,,regular
5096,2020-10-18,3,15991,,regular
5096,2020-10-18,4,60306,,regular
5096,2020-10-18,5,46253,,regular
5097,2020-10-21,1,72325,,regular
5097,2020-10-21,2,80558,,regular
5097,2020-10-21,3,02283,,regular
5097,2020-10-21,4,58331,,regular
5097,2020-10-21,5,68271,,regular
5098,2020-10-24,1,46269,,regular
5098,2020-10-24,2,37847,,regular
5098,2020-10-24,3,47551,,regular
5098,2020-10-24,4,27967,,regular
5098,2020-10-24,5,51194,,regular
5099,2020-10-27,1,06191,,regular
5099,2020-10-27,2,13857,,regular
5099,2020-10-27,3,66652,,regular
5099,2020-10-27,4,98698,,regular
5099,2020-10-27,5,12433,,regular
5100,2020-10-30,1,77702,,regular
5100,2020-10-30,2,87088,,regular
5100,2020-10-30,3,42580,,regular
5100,2020-10-30,4,96486,,regular
5100,2020-10-30,5,10848,,regular
5101,2020-11-02,1,87653,,regular
5101,2020-11-02,2,26994,,regular
5101,2020-11-02,3,50368,,regular
5101,2020-11-02,4,23566,,regular
5101,2020-11-02,5,54891,,regular
5102,2020-11-05,1,16534,,regular
5102,2020-11-05,2,62280,,regular
5102,2020-11-05,3,18425,,regular
5102,2020-11-05,4,00696,,regular
5102,2020-11-05,5,21307,,regular
5103,2020-11-08,1,11312,,regular
5103,2020-11-08,2,43388,,regular
5103,2020-11-08,3,04232,,regular
5103,2020-11-08,4,12872,,regular
5103,2020-11-08,5,19190,,regular
5104,2020-11-11,1,28714,,regular
5104,2020-11-11,2,59979,,regular
5104,2020-11-11,3,56387,,regular
5104,2020-11-11,4,26322,,regular
5104,2020-11-11,5,86678,,regular
5105,2020-11-14,1,53040,,regular
5105,2020-11-14,2,07815,,regular
5105,2020-11-14,3,07388,,regular
5105,2020-11-14,4,19883,,regular
5105,2020-11-14,5,14992,,regular
5106,2020-11-17,1,60468,,regular
5106,2020-11-17,2,91186,,regular
5106,2020-11-17,3,11834,,regular
5106,2020-11-17,4,17606,,regular
5106,2020-11-17,5,87601,,regular
5107,2020-11-20,1,05397,,regular
5107,2020-11-20,2,47046,,regular
5107,2020-11-20,3,57602,,regular
5107,2020-11-20,4,27046,,regular
5107,2020-11-20,5,31344,,regular
5108,2020-11-23,1,30819,,regular
5108,2020-11-23,2,56531,,regular
5108,2020-11-23,3,44755,,regular
5108,2020-11-23,4,88026,,regular
5108,2020-11-23,5,18744,,regular
5109,2020-11-26,1,11718,,regular
5109,2020-11-26,2,88509,,regular
5109,2020-11-26,3,01250,,regular
5109,2020-11-26,4,38231,,regular
5109,2020-11-26,5,42910,,regular
5110,2020-11-29,1,87707,,regular
5110,2020-11-29,2,52522,,regular
5110,2020-11-29,3,45292,,regular
5110,2020-11-29,4,30002,,regular
5110,2020-11-29,5,07979,,regular
5111,2020-12-02,1,07596,,regular
5111,2020-12-02,2,72111,,regular
5111,2020-12-02,3,08467,,regular
5111,2020-12-02,4,14460,,regular
5111,2020-12-02,5,32725,,regular
5112,2020-12-05,1,37757,,regular
5112,2020-12-05,2,30732,,regular
5112,2020-12-05,3,16398,,regular
5112,2020-12-05,4,73051,,regular
5112,2020-12-05,5,00105,,regular
5113,2020-12-08,1,79258,,regular
5113,2020-12-08,2,83992,,regular
5113,2020-12-08,3,71189,,regular
5113,2020-12-08,4,34506,,regular
5113,2020-12-08,5,55164,,regular
5114,2020-12-11,1,72768,,regular
5114,2020-12-11,2,48201,,regular
5114,2020-12-11,3,48576,,regular
5114,2020-12-11,4,82062,,regular
5114,2020-12-11,5,17072,,regular
5115,2020-12-14,1,54639,,regular
5115,2020-12-14,2,04354,,regular
5115,2020-12-14,3,78991,,regular
5115,2020-12-14,4,37922,,regular
5115,2020-12-14,5,45856,,regular
5116,2020-12-17,1,41087,,regular
5116,2020-12-17,2,90470,,regular
5116,2020-12-17,3,00430,,regular
5116,2020-12-17,4,45946,,regular
5116,2020-12-17,5,66369,,regular
5117,2020-12-20,1,99464,,regular
5117,2020-12-20,2,00379,,regular
5117,2020-12-20,3,84751,,regular
5117,2020-12-20,4,38552,,regular
5117,2020-12-20,5,10470,,regular
5118,2020-12-23,1,49613,,regular
5118,2020-12-23,2,94321,,regular
5118,2020-12-23,3,24073,,regular
5118,2020-12-23,4,79955,,regular
5118,2020-12-23,5,42682,,regular
5119,2020-12-26,1,58290,,regular
5119,2020-12-26,2,13712,,regular
5119,2020-12-26,3,96132,,regular
5119,2020-12-26,4,78162,,regular
5119,2020-12-26,5,97724,,regular
5120,2020-12-29,1,69998,,regular
5120,2020-12-29,2,26047,,regular
5120,2020-12-29,3,52307,,regular
5120,2020-12-29,4,83218,,regular
5120,2020-12-29,5,88916,,regular
5121,2021-01-01,1,09254,,regular
5121,2021-01-01,2,25123,,regular
5121,2021-01-01,3,26914,,regular
5121,2021-01-01,4,94672,,regular
5121,2021-01-01,5,46958,,regular
5122,2021-01-04,1,56016,,regular
5122,2021-01-04,2,63028,,regular
5122,2021-01-04,3,37132,,regular
5122,2021-01-04,4,85653,,regular
5122,2021-01-04,5,72459,,regular
5123,2021-01-07,1,71391,,regular
5123,2021-01-07,2,21411,,regular
5123,2021-01-07,3,50762,,regular
5123,2021-01-07,4,03501,,regular
5123,2021-01-07,5,34126,,regular
5124,2021-01-10,1,95514,,regular
5124,2021-01-10,2,04078,,regular
5124,2021-01-10,3,81970,,regular
5124,2021-01-10,4,88141,,regular
5124,2021-01-10,5,21149,,regular
5125,2021-01-13,1,25254,,regular
5125,2021-01-13,2,47909,,regular
5125,2021-01-13,3,24117,,regular
5125,2021-01-13,4,13213,,regular
5125,2021-01-13,5,17875,,regular
5126,2021-01-16,1,93644,,regular
5126,2021-01-16,2,79258,,regular
5126,2021-01-16,3,13290,,regular
5126,2021-01-16,4,35448,,regular
5126,2021-01-16,5,15893,,regular
5127,2021-01-19,1,09645,,regular
5127,2021-01-19,2,47331,,regular
5127,2021-01-19,3,07442,,regular
5127,2021-01-19,4,33403,,regular
5127,2021-01-19,5,47336,,regular
5128,2021-01-22,1,17051,,regular
5128,2021-01-22,2,33039,,regular
5128,2021-01-22,3,53837,,regular
5128,2021-01-22,4,12159,,regular
5128,2021-01-22,5,81405,,regular
5129,2021-01-25,1,34076,,regular
5129,2021-01-25,2,68081,,regular
5129,2021-01-25,3,72576,,regular
5129,2021-01-25,4,15647,,regular
5129,2021-01-25,5,87324,,regular
5130,2021-01-28,1,70114,,regular
5130,2021-01-28,2,15853,,regular
5130,2021-01-28,3,43226,,regular
5130,2021-01-28,4,37604,,regular
5130,2021-01-28,5,83622,,regular
5131,2021-01-31,1,99884,,regular
5131,2021-01-31,2,86238,,regular
5131,2021-01-31,3,40424,,regular
5131,2021-01-31,4,57607,,regular
5131,2021-01-31,5,30798,,regular
5132,2021-02-03,1,00701,,regular
5132,2021-02-03,2,12264,,regular
5132,2021-02-03,3,14843,,regular
5132,2021-02-03,4,81175,,regular
5132,2021-02-03,5,13228,,regular
5133,2021-02-06,1,57795,,regular
5133,2021-02-06,2,50889,,regular
5133,2021-02-06,3,47024,,regular
5133,2021-02-06,4,88354,,regular
5133,2021-02-06,5,23631,,regular
5134,2021-02-09,1,17341,,regular
5134,2021-02-09,2,50779,,regular
5134,2021-02-09,3,00045,,regular
5134,2021-02-09,4,54441,,regular
5134,2021-02-09,5,27480,,regular
5135,2021-02-12,1,31454,,regular
5135,2021-02-12,2,00560,,regular
5135,2021-02-12,3,54684,,regular
5135,2021-02-12,4,16992,,regular
5135,2021-02-12,5,10991,,regular
5136,2021-02-15,1,22891,,regular
5136,2021-02-15,2,70271,,regular
5136,2021-02-15,3,34954,,regular
5136,2021-02-15,4,55220,,regular
5136,2021-02-15,5,22039,,regular
5137,2021-02-18,1,51135,,regular
5137,2021-02-18,2,40052,,regular
5137,2021-02-18,3,08509,,regular
5137,2021-02-18,4,03123,,regular
5137,2021-02-18,5,15992,,regular
5138,2021-02-21,1,74574,,regular
5138,2021-02-21,2,51601,,regular
5138,2021-02-21,3,34880,,regular
5138,2021-02-21,4,74504,,regular
5138,2021-02-21,5,07020,,regular
5139,2021-02-24,1,83638,,regular
5139,2021-02-24,2,88441,,regular
5139,2021-02-24,3,71250,,regular
5139,2021-02-24,4,93626,,regular
5139,2021-02-24,5,24640,,regular
5140,2021-02-27,1,40675,,regular
5140,2021-02-27,2,40816,,regular
5140,2021-02-27,3,78308,,regular
5140,2021-02-27,4,71749,,regular
5140,2021-02-27,5,86744,,regular
5141,2021-03-02,1,44330,,regular
5141,2021-03-02,2,02970,,regular
5141,2021-03-02,3,87239,,regular
5141,2021-03-02,4,19040,,regular
5141,2021-03-02,5,40385,,regular
5142,2021-03-05,1,37340,,regular
5142,2021-03-05,2,26209,,regular
5142,2021-03-05,3,55964,,regular
5142,2021-03-05,4,27782,,regular
5142,2021-03-05,5,65207,,regular
5143,2021-03-08,1,05893,,regular
5143,2021-03-08,2,55407,,regular
5143,2021-03-08,3,08606,,regular
5143,2021-03-08,4,20179,,regular
5143,2021-03-08,5,22302,,regular
5144,2021-03-11,1,87303,,regular
5144,2021-03-11,2,06205,,regular
5144,2021-03-11,3,72073,,regular
5144,2021-03-11,4,29147,,regular
5144,2021-03-11,5,08222,,regular
5145,2021-03-14,1,58848,,regular
5145,2021-03-14,2,75797,,regular
5145,2021-03-14,3,24880,,regular
5145,2021-03-14,4,52523,,regular
5145,2021-03-14,5,74625,,regular
5146,2021-03-17,1,94154,,regular
5146,2021-03-17,2,56888,,regular
5146,2021-03-17,3,93210,,regular
5146,2021-03-17,4,70097,,regular
5146,2021-03-17,5,47858,,regular
5147,2021-03-20,1,09778,,regular
5147,2021-03-20,2,28336,,regular
5147,2021-03-20,3,11755,,regular
5147,2021-03-20,4,57582,,regular
5147,2021-03-20,5,05600,,regular
5148,2021-03-23,1,70114,,regular
5148,2021-03-23,2,40823,,regular
5148,2021-03-23,3,91921,,regular
5148,2021-03-23,4,04094,,regular
5148,2021-03-23,5,27293,,regular
5149,2021-03-26,1,88500,,regular
5149,2021-03-26,2,04670,,regular
5149,2021-03-26,3,20471,,regular
5149,2021-03-26,4,84387,,regular
5149,2021-03-26,5,68855,,regular
5150,2021-03-29,1,12925,,regular
5150,2021-03-29,2,93575,,regular
5150,2021-03-29,3,06653,,regular
5150,2021-03-29,4,53973,,regular
5150,2021-03-29,5,95845,,regular
5151,2021-04-01,1,61931,,regular
5151,2021-04-01,2,80643,,regular
5151,2021-04-01,3,50375,,regular
5151,2021-04-01,4,43746,,regular
5151,2021-04-01,5,86757,,regular
5152,2021-04-04,1,23912,,regular
5152,2021-04-04,2,84269,,regular
5152,2021-04-04,3,86226,,regular
5152,2021-04-04,4,53045,,regular
5152,2021-04-04,5,56182,,regular
5153,2021-04-07,1,86255,,regular
5153,2021-04-07,2,89170,,regular
5153,2021-04-07,3,13622,,regular
5153,2021-04-07,4,11443,,regular
5153,2021-04-07,5,05702,,regular
5154,2021-04-10,1,28310,,regular
5154,2021-04-10,2,19953,,regular
5154,2021-04-10,3,86050,,regular
5154,2021-04-10,4,84405,,regular
5154,2021-04-10,5,17817,,regular
5155,2021-04-13,1,92527,,regular
5155,2021-04-13,2,86681,,regular
5155,2021-04-13,3,76510,,regular
5155,2021-04-13,4,39578,,regular
5155,2021-04-13,5,47813,,regular
5156,2021-04-16,1,66860,,regular
5156,2021-04-16,2,55155,,regular
5156,2021-04-16,3,92509,,regular
5156,2021-04-16,4,34497,,regular
5156,2021-04-16,5,37181,,regular
5157,2021-04-19,1,53867,,regular
5157,2021-04-19,2,24120,,regular
5157,2021-04-19,3,69928,,regular
5157,2021-04-19,4,69355,,regular
5157,2021-04-19,5,86614,,regular
5158,2021-04-22,1,72055,,regular
5158,2021-04-22,2,12009,,regular
5158,2021-04-22,3,00311,,regular
5158,2021-04-22,4,76067,,regular
5158,2021-04-22,5,79155,,regular
5159,2021-04-25,1,92962,,regular
5159,2021-04-25,2,18877,,regular
5159,2021-04-25,3,68123,,regular
5159,2021-04-25,4,99469,,regular
5159,2021-04-25,5,78225,,regular
5160,2021-04-28,1,87013,,regular
5160,2021-04-28,2,78724,,regular
5160,2021-04-28,3,13255,,regular
5160,2021-04-28,4,59512,,regular
5160,2021-04-28,5,85884,,regular
5161,2021-05-01,1,32281,,regular
5161,2021-05-01,2,82171,,regular
5161,2021-05-01,3,72250,,regular
5161,2021-05-01,4,62836,,regular
5161,2021-05-01,5,03860,,regular
5162,2021-05-04,1,48714,,regular
5162,2021-05-04,2,38831,,regular
5162,2021-05-04,3,98685,,regular
5162,2021-05-04,4,61000,,regular
5162,2021-05-04,5,48952,,regular
5163,2021-05-07,1,84920,,regular
5163,2021-05-07,2,97011,,regular
5163,2021-05-07,3,37252,,regular
5163,2021-05-07,4,70582,,regular
5163,2021-05-07,5,73750,,regular
5164,2021-05-10,1,76873,,regular
5164,2021-05-10,2,85492,,regular
5164,2021-05-10,3,44384,,regular
5164,2021-05-10,4,26041,,regular
5164,2021-05-10,5,22175,,regular
5165,2021-05-13,1,05200,,regular
5165,2021-05-13,2,49138,,regular
5165,2021-05-13,3,06866,,regular
5165,2021-05-13,4,76798,,regular
5165,2021-05-13,5,12691,,regular
5166,2021-05-16,1,64334,,regular
5166,2021-05-16,2,48817,,regular
5166,2021-05-16,3,98875,,regular
5166,2021-05-16,4,55230,,regular
5166,2021-05-16,5,86939,,regular
5167,2021-05-19,1,23226,,regular
5167,2021-05-19,2,13726,,regular
5167,2021-05-19,3,86154,,regular
5167,2021-05-19,4,81008,,regular
5167,2021-05-19,5,09546,,regular
5168,2021-05-22,1,30346,,regular
5168,2021-05-22,2,75211,,regular
5168,2021-05-22,3,50291,,regular
5168,2021-05-22,4,17799,,regular
5168,2021-05-22,5,66385,,regular
5169,2021-05-25,1,89080,,regular
5169,2021-05-25,2,93430,,regular
5169,2021-05-25,3,13032,,regular
5169,2021-05-25,4,63977,,regular
5169,2021-05-25,5,68902,,regular
5170,2021-05-28,1,99084,,regular
5170,2021-05-28,2,30373,,regular
5170,2021-05-28,3,82199,,regular
5170,2021-05-28,4,68841,,regular
5170,2021-05-28,5,65212,,regular
5171,2021-05-31,1,43941,,regular
5171,2021-05-31,2,41327,,regular
5171,2021-05-31,3,79262,,regular
5171,2021-05-31,4,82788,,regular
5171,2021-05-31,5,54559,,regular
5172,2021-06-03,1,85012,,regular
5172,2021-06-03,2,35051,,regular
5172,2021-06-03,3,44281,,regular
5172,2021-06-03,4,88616,,regular
5172,2021-06-03,5,63031,,regular
5173,2021-06-06,1,23128,,regular
5173,2021-06-06,2,30838,,regular
5173,2021-06-06,3,13384,,regular
5173,2021-06-06,4,95524,,regular
5173,2021-06-06,5,93422,,regular
5174,2021-06-09,1,06912,,regular
5174,2021-06-09,2,90551,,regular
5174,2021-06-09,3,67603,,regular
5174,2021-06-09,4,93215,,regular
5174,2021-06-09,5,18836,,regular
5175,2021-06-12,1,48367,,regular
5175,2021-06-12,2,05311,,regular
5175,2021-06-12,3,18389,,regular
5175,2021-06-12,4,19289,,regular
5175,2021-06-12,5,85071,,regular
5176,2021-06-15,1,21920,,regular
5176,2021-06-15,2,89844,,regular
5176,2021-06-15,3,89901,,regular
5176,2021-06-15,4,52351,,regular
5176,2021-06-15,5,97563,,regular
5177,2021-06-18,1,23439,,regular
5177,2021-06-18,2,73159,,regular
5177,2021-06-18,3,32640,,regular
5177,2021-06-18,4,66667,,regular
5177,2021-06-18,5,85724,,regular
5178,2021-06-21,1,23939,,regular
5178,2021-06-21,2,63688,,regular
5178,2021-06-21,3,65553,,regular
5178,2021-06-21,4,87635,,regular
5178,2021-06-21,5,00686,,regular
5179,2021-06-24,1,61682,,regular
5179,2021-06-24,2,20416,,regular
5179,2021-06-24,3,36266,,regular
5179,2021-06-24,4,45899,,regular
5179,2021-06-24,5,88696,,regular
5180,2021-06-27,1,66182,,regular
5180,2021-06-27,2,83684,,regular
5180,2021-06-27,3,57509,,regular
5180,2021-06-27,4,29465,,regular
5180,2021-06-27,5,08767,,regular
5181,2021-06-30,1,55951,,regular
5181,2021-06-30,2,97849,,regular
5181,2021-06-30,3,61915,,regular
5181,2021-06-30,4,51945,,regular
5181,2021-06-30,5,41756,,regular
5182,2021-07-03,1,06197,,regular
5182,2021-07-03,2,83606,,regular
5182,2021-07-03,3,56279,,regular
5182,2021-07-03,4,54583,,regular
5182,2021-07-03,5,91385,,regular
5183,2021-07-06,1,11567,,regular
5183,2021-07-06,2,42901,,regular
5183,2021-07-06,3,58118,,regular
5183,2021-07-06,4,60796,,regular
5183,2021-07-06,5,01896,,regular
5184,2021-07-09,1,14634,,regular
5184,2021-07-09,2,04981,,regular
5184,2021-07-09,3,93545,,regular
5184,2021-07-09,4,46226,,regular
5184,2021-07-09,5,47859,,regular
5185,2021-07-12,1,41984,,regular
5185,2021-07-12,2,31236,,regular
5185,2021-07-12,3,91799,,regular
5185,2021-07-12,4,71859,,regular
5185,2021-07-12,5,91087,,regular
5186,2021-07-15,1,88259,,regular
5186,2021-07-15,2,73672,,regular
5186,2021-07-15,3,62403,,regular
5186,2021-07-15,4,95615,,regular
5186,2021-07-15,5,77148,,regular
5187,2021-07-18,1,91119,,regular
5187,2021-07-18,2,44715,,regular
5187,2021-07-18,3,87238,,regular
5187,2021-07-18,4,30613,,regular
5187,2021-07-18,5,04280,,regular
5188,2021-07-21,1,24202,,regular
5188,2021-07-21,2,16602,,regular
5188,2021-07-21,3,85638,,regular
5188,2021-07-21,4,58823,,regular
5188,2021-07-21,5,26520,,regular
5189,2021-07-24,1,88758,,regular
5189,2021-07-24,2,61459,,regular
5189,2021-07-24,3,56173,,regular
5189,2021-07-24,4,83801,,regular
5189,2021-07-24,5,01867,,regular
5190,2021-07-27,1,45637,,regular
5190,2021-07-27,2,85069,,regular
5190,2021-07-27,3,16388,,regular
5190,2021-07-27,4,35280,,regular
5190,2021-07-27,5,46721,,regular
5191,2021-07-30,1,71354,,regular
5191,2021-07-30,2,40731,,regular
5191,2021-07-30,3,88361,,regular
5191,2021-07-30,4,09370,,regular
5191,2021-07-30,5,45350,,regular
5192,2021-08-02,1,26978,,regular
5192,2021-08-02,2,06148,,regular
5192,2021-08-02,3,15479,,regular
5192,2021-08-02,4,73191,,regular
5192,2021-08-02,5,16847,,regular
5193,2021-08-05,1,67776,,regular
5193,2021-08-05,2,01317,,regular
5193,2021-08-05,3,78636,,regular
5193,2021-08-05,4,63709,,regular
5193,2021-08-05,5,67556,,regular
5194,2021-08-08,1,55107,,regular
5194,2021-08-08,2,52388,,regular
5194,2021-08-08,3,92310,,regular
5194,2021-08-08,4,65477,,regular
5194,2021-08-08,5,08403,,regular
5195,2021-08-11,1,24698,,regular
5195,2021-08-11,2,24045,,regular
5195,2021-08-11,3,45755,,regular
5195,2021-08-11,4,30000,,regular
5195,2021-08-11,5,43134,,regular
5196,2021-08-14,1,91485,,regular
5196,2021-08-14,2,54355,,regular
5196,2021-08-14,3,96614,,regular
5196,2021-08-14,4,64002,,regular
5196,2021-08-14,5,15330,,regular
5197,2021-08-17,1,51893,,regular
5197,2021-08-17,2,09600,,regular
5197,2021-08-17,3,47064,,regular
5197,2021-08-17,4,66803,,regular
5197,2021-08-17,5,49226,,regular
5198,2021-08-20,1,13436,,regular
5198,2021-08-20,2,25684,,regular
5198,2021-08-20,3,33706,,regular
5198,2021-08-20,4,11749,,regular
5198,2021-08-20,5,90756,,regular
5199,2021-08-23,1,15866,,regular
5199,2021-08-23,2,48259,,regular
5199,2021-08-23,3,22926,,regular
5199,2021-08-23,4,24906,,regular
5199,2021-08-23,5,10800,,regular
5200,2021-08-26,1,08571,,regular
5200,2021-08-26,2,55345,,regular
5200,2021-08-26,3,84581,,regular
5200,2021-08-26,4,85805,,regular
5200,2021-08-26,5,58785,,regular
5201,2021-08-29,1,95733,,regular
5201,2021-08-29,2,57248,,regular
5201,2021-08-29,3,58638,,regular
5201,2021-08-29,4,93668,,regular
5201,2021-08-29,5,05292,,regular
5202,2021-09-01,1,54344,,regular
5202,2021-09-01,2,06756,,regular
5202,2021-09-01,3,12310,,regular
5202,2021-09-01,4,39206,,regular
5202,2021-09-01,5,66519,,regular
5203,2021-09-04,1,51456,,regular
5203,2021-09-04,2,49338,,regular
5203,2021-09-04,3,95890,,regular
5203,2021-09-04,4,43559,,regular
5203,2021-09-04,5,48205,,regular
5204,2021-09-07,1,45767,,regular
5204,2021-09-07,2,08271,,regular
5204,2021-09-07,3,43661,,regular
5204,2021-09-07,4,79389,,regular
5204,2021-09-07,5,24304,,regular
5205,2021-09-10,1,15871,,regular
5205,2021-09-10,2,03534,,regular
5205,2021-09-10,3,58247,,regular
5205,2021-09-10,4,51358,,regular
5205,2021-09-10,5,65547,,regular
5206,2021-09-13,1,42120,,regular
5206,2021-09-13,2,04321,,regular
5206,2021-09-13,3,26819,,regular
5206,2021-09-13,4,37618,,regular
5206,2021-09-13,5,41428,,regular
5207,2021-09-16,1,92134,,regular
5207,2021-09-16,2,37625,,regular
5207,2021-09-16,3,19884,,regular
5207,2021-09-16,4,41915,,regular
5207,2021-09-16,5,79294,,regular
5208,2021-09-19,1,61825,,regular
5208,2021-09-19,2,47277,,regular
5208,2021-09-19,3,29673,,regular
5208,2021-09-19,4,70043,,regular
5208,2021-09-19,5,98841,,regular
5209,2021-09-22,1,04516,,regular
5209,2021-09-22,2,80692,,regular
5209,2021-09-22,3,61722,,regular
5209,2021-09-22,4,20410,,regular
5209,2021-09-22,5,27261,,regular
5210,2021-09-25,1,43276,,regular
5210,2021-09-25,2,31552,,regular
5210,2021-09-25,3,91782,,regular
5210,2021-09-25,4,62372,,regular
5210,2021-09-25,5,73153,,regular
5211,2021-09-28,1,29050,,regular
5211,2021-09-28,2,40914,,regular
5211,2021-09-28,3,21320,,regular
5211,2021-09-28,4,25806,,regular
5211,2021-09-28,5,60758,,regular
5212,2021-10-01,1,63217,,regular
5212,2021-10-01,2,43361,,regular
5212,2021-10-01,3,62394,,regular
5212,2021-10-01,4,82109,,regular
5212,2021-10-01,5,58579,,regular
5213,2021-10-04,1,60718,,regular
5213,2021-10-04,2,35346,,regular
5213,2021-10-04,3,57194,,regular
5213,2021-10-04,4,94329,,regular
5213,2021-10-04,5,38460,,regular
5214,2021-10-07,1,10397,,regular
5214,2021-10-07,2,85367,,regular
5214,2021-10-07,3,51596,,regular
5214,2021-10-07,4,61077,,regular
5214,2021-10-07,5,12916,,regular
5215,2021-10-10,1,80035,,regular
5215,2021-10-10,2,42218,,regular
5215,2021-10-10,3,50170,,regular
5215,2021-10-10,4,74216,,regular
5215,2021-10-10,5,73898,,regular
5216,2021-10-13,1,80306,,regular
5216,2021-10-13,2,69519,,regular
5216,2021-10-13,3,16949,,regular
5216,2021-10-13,4,30559,,regular
5216,2021-10-13,5,07518,,regular
5217,2021-10-16,1,21104,,regular
5217,2021-10-16,2,91247,,regular
5217,2021-10-16,3,54557,,regular
5217,2021-10-16,4,66746,,regular
5217,2021-10-16,5,58215,,regular
5218,2021-10-19,1,88746,,regular
5218,2021-10-19,2,79890,,regular
5218,2021-10-19,3,35744,,regular
5218,2021-10-19,4,79612,,regular
5218,2021-10-19,5,30810,,regular
5219,2021-10-22,1,38085,,regular
5219,2021-10-22,2,22933,,regular
5219,2021-10-22,3,68193,,regular
5219,2021-10-22,4,31122,,regular
5219,2021-10-22,5,91425,,regular
5220,2021-10-25,1,54688,,regular
5220,2021-10-25,2,96533,,regular
5220,2021-10-25,3,10865,,regular
5220,2021-10-25,4,76446,,regular
5220,2021-10-25,5,50538,,regular
5221,2021-10-28,1,71789,,regular
5221,2021-10-28,2,08280,,regular
5221,2021-10-28,3,48267,,regular
5221,2021-10-28,4,61051,,regular
5221,2021-10-28,5,90992,,regular
5222,2021-10-31,1,82925,,regular
5222,2021-10-31,2,17677,,regular
5222,2021-10-31,3,22051,,regular
5222,2021-10-31,4,45126,,regular
5222,2021-10-31,5,91698,,regular
5223,2021-11-03,1,77058,,regular
5223,2021-11-03,2,16823,,regular
5223,2021-11-03,3,18315,,regular
5223,2021-11-03,4,39886,,regular
5223,2021-11-03,5,54519,,regular
5224,2021-11-06,1,20248,,regular
5224,2021-11-06,2,21012,,regular
5224,2021-11-06,3,59530,,regular
5224,2021-11-06,4,35157,,regular
5224,2021-11-06,5,80851,,regular
5225,2021-11-09,1,30409,,regular
5225,2021-11-09,2,80380,,regular
5225,2021-11-09,3,25714,,regular
5225,2021-11-09,4,38889,,regular
5225,2021-11-09,5,25070,,regular
5226,2021-11-12,1,77080,,regular
5226,2021-11-12,2,77867,,regular
5226,2021-11-12,3,06446,,regular
5226,2021-11-12,4,98324,,regular
5226,2021-11-12,5,40513,,regular
5227,2021-11-15,1,25140,,regular
5227,2021-11-15,2,80099,,regular
5227,2021-11-15,3,58634,,regular
5227,2021-11-15,4,03374,,regular
5227,2021-11-15,5,23711,,regular
5228,2021-11-18,1,20769,,regular
5228,2021-11-18,2,43652,,regular
5228,2021-11-18,3,81611,,regular
5228,2021-11-18,4,87269,,regular
5228,2021-11-18,5,21138,,regular
5229,2021-11-21,1,42701,,regular
5229,2021-11-21,2,05179,,regular
5229,2021-11-21,3,13181,,regular
5229,2021-11-21,4,31899,,regular
5229,2021-11-21,5,05411,,regular
5230,2021-11-24,1,45538,,regular
5230,2021-11-24,2,28249,,regular
5230,2021-11-24,3,10953,,regular
5230,2021-11-24,4,22905,,regular
5230,2021-11-24,5,60533,,regular
5231,2021-11-27,1,57033,,regular
5231,2021-11-27,2,22549,,regular
5231,2021-11-27,3,12386,,regular
5231,2021-11-27,4,72910,,regular
5231,2021-11-27,5,68705,,regular
5232,2021-11-30,1,06648,,regular
5232,2021-11-30,2,79436,,regular
5232,2021-11-30,3,86123,,regular
5232,2021-11-30,4,31070,,regular
5232,2021-11-30,5,85781,,regular
5233,2021-12-03,1,13372,,regular
5233,2021-12-03,2,54322,,regular
5233,2021-12-03,3,20417,,regular
5233,2021-12-03,4,31131,,regular
5233,2021-12-03,5,88067,,regular
5234,2021-12-06,1,40220,,regular
5234,2021-12-06,2,22390,,regular
5234,2021-12-06,3,59056,,regular
5234,2021-12-06,4,16757,,regular
5234,2021-12-06,5,76270,,regular
5235,2021-12-09,1,48338,,regular
5235,2021-12-09,2,96718,,regular
5235,2021-12-09,3,52404,,regular
5235,2021-12-09,4,02955,,regular
5235,2021-12-09,5,80672,,regular
5236,2021-12-12,1,63896,,regular
5236,2021-12-12,2,40752,,regular
5236,2021-12-12,3,56780,,regular
5236,2021-12-12,4,56606,,regular
5236,2021-12-12,5,95096,,regular
5237,2021-12-15,1,78776,,regular
5237,2021-12-15,2,20935,,regular
5237,2021-12-15,3,74645,,regular
5237,2021-12-15,4,18836,,regular
5237,2021-12-15,5,25223,,regular
5238,2021-12-18,1,29992,,regular
5238,2021-12-18,2,39238,,regular
5238,2021-12-18,3,97518,,regular
5238,2021-12-18,4,88083,,regular
5238,2021-12-18,5,57807,,regular
5239,2021-12-21,1,66292,,regular
5239,2021-12-21,2,19170,,regular
5239,2021-12-21,3,89061,,regular
5239,2021-12-21,4,77010,,regular
5239,2021-12-21,5,92059,,regular
5240,2021-12-24,1,25865,,regular
5240,2021-12-24,2,20821,,regular
5240,2021-12-24,3,69393,,regular
5240,2021-12-24,4,22107,,regular
5240,2021-12-24,5,30460,,regular
5241,2021-12-27,1,65354,,regular
5241,2021-12-27,2,97629,,regular
5241,2021-12-27,3,15558,,regular
5241,2021-12-27,4,12379,,regular
5241,2021-12-27,5,39668,,regular
5242,2021-12-30,1,82332,,regular
5242,2021-12-30,2,23228,,regular
5242,2021-12-30,3,91854,,regular
5242,2021-12-30,4,02137,,regular
5242,2021-12-30,5,65384,,regular
5243,2022-01-02,1,94242,,regular
5243,2022-01-02,2,82188,,regular
5243,2022-01-02,3,87616,,regular
5243,2022-01-02,4,53105,,regular
5243,2022-01-02,5,30317,,regular
5244,2022-01-05,1,72419,,regular
5244,2022-01-05,2,83585,,regular
5244,2022-01-05,3,30374,,regular
5244,2022-01-05,4,81318,,regular
5244,2022-01-05,5,56597,,regular
5245,2022-01-08,1,94117,,regular
5245,2022-01-08,2,10223,,regular
5245,2022-01-08,3,35160,,regular
5245,2022-01-08,4,32964,,regular
5245,2022-01-08,5,73618,,regular
5246,2022-01-11,1,38938,,regular
5246,2022-01-11,2,34866,,regular
5246,2022-01-11,3,30942,,regular
5246,2022-01-11,4,19853,,regular
5246,2022-01-11,5,80914,,regular
5247,2022-01-14,1,26779,,regular
5247,2022-01-14,2,24921,,regular
5247,2022-01-14,3,01160,,regular
5247,2022-01-14,4,86529,,regular
5247,2022-01-14,5,93292,,regular
5248,2022-01-17,1,11865,,regular
5248,2022-01-17,2,53746,,regular
5248,2022-01-17,3,67231,,regular
5248,2022-01-17,4,39648,,regular
5248,2022-01-17,5,63999,,regular
5249,2022-01-20,1,09306,,regular
5249,2022-01-20,2,24315,,regular
5249,2022-01-20,3,60937,,regular
5249,2022-01-20,4,42362,,regular
5249,2022-01-20,5,66159,,regular
5250,2022-01-23,1,09442,,regular
5250,2022-01-23,2,57155,,regular
5250,2022-01-23,3,71373,,regular
5250,2022-01-23,4,40648,,regular
5250,2022-01-23,5,12562,,regular
5251,2022-01-26,1,99701,,regular
5251,2022-01-26,2,59098,,regular
5251,2022-01-26,3,83507,,regular
5251,2022-01-26,4,03198,,regular
5251,2022-01-26,5,18536,,regular
5252,2022-01-29,1,34742,,regular
5252,2022-01-29,2,43796,,regular
5252,2022-01-29,3,16678,,regular
5252,2022-01-29,4,57809,,regular
5252,2022-01-29,5,98102,,regular
5253,2022-02-01,1,95948,,regular
5253,2022-02-01,2,61311,,regular
5253,2022-02-01,3,39636,,regular
5253,2022-02-01,4,15250,,regular
5253,2022-02-01,5,91301,,regular
5254,2022-02-04,1,64888,,regular
5254,2022-02-04,2,62892,,regular
5254,2022-02-04,3,45978,,regular
5254,2022-02-04,4,48856,,regular
5254,2022-02-04,5,16308,,regular
5255,2022-02-07,1,30249,,regular
5255,2022-02-07,2,46977,,regular
5255,2022-02-07,3,92035,,regular
5255,2022-02-07,4,33357,,regular
5255,2022-02-07,5,35048,,regular
5256,2022-02-10,1,75256,,regular
5256,2022-02-10,2,69081,,regular
5256,2022-02-10,3,12093,,regular
5256,2022-02-10,4,13565,,regular
5256,2022-02-10,5,01204,,regular
5257,2022-02-13,1,84400,,regular
5257,2022-02-13,2,93542,,regular
5257,2022-02-13,3,45449,,regular
5257,2022-02-13,4,49045,,regular
5257,2022-02-13,5,59009,,regular
5258,2022-02-16,1,58646,,regular
5258,2022-02-16,2,50777,,regular
5258,2022-02-16,3,19736,,regular
5258,2022-02-16,4,23381,,regular
5258,2022-02-16,5,31493,,regular
5259,2022-02-19,1,23519,,regular
5259,2022-02-19,2,85018,,regular
5259,2022-02-19,3,88500,,regular
5259,2022-02-19,4,43560,,regular
5259,2022-02-19,5,27130,,regular
5260,2022-02-22,1,94519,,regular
5260,2022-02-22,2,59390,,regular
5260,2022-02-22,3,99065,,regular
5260,2022-02-22,4,18827,,regular
5260,2022-02-22,5,88507,,regular
5261,2022-02-25,1,71880,,regular
5261,2022-02-25,2,31962,,regular
5261,2022-02-25,3,96575,,regular
5261,2022-02-25,4,56139,,regular
5261,2022-02-25,5,48745,,regular
5262,2022-02-28,1,49492,,regular
5262,2022-02-28,2,21100,,regular
5262,2022-02-28,3,33865,,regular
5262,2022-02-28,4,75109,,regular
5262,2022-02-28,5,48003,,regular
5263,2022-03-03,1,51838,,regular
5263,2022-03-03,2,70068,,regular
5263,2022-03-03,3,92072,,regular
5263,2022-03-03,4,56730,,regular
5263,2022-03-03,5,90082,,regular
5264,2022-03-06,1,85499,,regular
5264,2022-03-06,2,00741,,regular
5264,2022-03-06,3,92647,,regular
5264,2022-03-06,4,30272,,regular
5264,2022-03-06,5,62230,,regular
5265,2022-03-09,1,29551,,regular
5265,2022-03-09,2,88327,,regular
5265,2022-03-09,3,78355,,regular
5265,2022-03-09,4,30090,,regular
5265,2022-03-09,5,20285,,regular
5266,2022-03-12,1,78521,,regular
5266,2022-03-12,2,45074,,regular
5266,2022-03-12,3,58301,,regular
5266,2022-03-12,4,93488,,regular
5266,2022-03-12,5,80156,,regular
5267,2022-03-15,1,41985,,regular
5267,2022-03-15,2,93227,,regular
5267,2022-03-15,3,00490,,regular
5267,2022-03-15,4,85536,,regular
5267,2022-03-15,5,61112,,regular
5268,2022-03-18,1,44141,,regular
5268,2022-03-18,2,59524,,regular
5268,2022-03-18,3,87560,,regular
5268,2022-03-18,4,07098,,regular
5268,2022-03-18,5,31120,,regular
5269,2022-03-21,1,02995,,regular
5269,2022-03-21,2,34015,,regular
5269,2022-03-21,3,17468,,regular
5269,2022-03-21,4,35502,,regular
5269,2022-03-21,5,23899,,regular
5270,2022-03-24,1,64425,,regular
5270,2022-03-24,2,23894,,regular
5270,2022-03-24,3,87782,,regular
5270,2022-03-24,4,85633,,regular
5270,2022-03-24,5,20865,,regular
5271,2022-03-27,1,31713,,regular
5271,2022-03-27,2,69558,,regular
5271,2022-03-27,3,16422,,regular
5271,2022-03-27,4,22685,,regular
5271,2022-03-27,5,84454,,regular
5272,2022-03-30,1,36242,,regular
5272,2022-03-30,2,52600,,regular
5272,2022-03-30,3,71704,,regular
5272,2022-03-30,4,62182,,regular
5272,2022-03-30,5,07377,,regular
5273,2022-04-02,1,50026,,regular
5273,2022-04-02,2,73830,,regular
5273,2022-04-02,3,54969,,regular
5273,2022-04-02,4,34032,,regular
5273,2022-04-02,5,90964,,regular
5274,2022-04-05,1,86583,,regular
5274,2022-04-05,2,42605,,regular
5274,2022-04-05,3,17710,,regular
5274,2022-04-05,4,09838,,regular
5274,2022-04-05,5,30433,,regular
5275,2022-04-08,1,97069,,regular
5275,2022-04-08,2,57430,,regular
5275,2022-04-08,3,85088,,regular
5275,2022-04-08,4,39606,,regular
5275,2022-04-08,5,12095,,regular
5276,2022-04-11,1,48029,,regular
5276,2022-04-11,2,22012,,regular
5276,2022-04-11,3,54715,,regular
5276,2022-04-11,4,36407,,regular
5276,2022-04-11,5,59936,,regular
5277,2022-04-14,1,71232,,regular
5277,2022-04-14,2,97415,,regular
5277,2022-04-14,3,63090,,regular
5277,2022-04-14,4,81152,,regular
5277,2022-04-14,5,05279,,regular
5278,2022-04-17,1,07258,,regular
5278,2022-04-17,2,31348,,regular
5278,2022-04-17,3,19429,,regular
5278,2022-04-17,4,60857,,regular
5278,2022-04-17,5,56101,,regular
5279,2022-04-20,1,30024,,regular
5279,2022-04-20,2,13492,,regular
5279,2022-04-20,3,67842,,regular
5279,2022-04-20,4,64792,,regular
5279,2022-04-20,5,05337,,regular
5280,2022-04-23,1,81418,,regular
5280,2022-04-23,2,81504,,regular
5280,2022-04-23,3,48950,,regular
5280,2022-04-23,4,17204,,regular
5280,2022-04-23,5,25299,,regular
5281,2022-04-26,1,29112,,regular
5281,2022-04-26,2,02604,,regular
5281,2022-04-26,3,90257,,regular
5281,2022-04-26,4,08641,,regular
5281,2022-04-26,5,09489,,regular
5282,2022-04-29,1,66912,,regular
5282,2022-04-29,2,70498,,regular
5282,2022-04-29,3,66077,,regular
5282,2022-04-29,4,62951,,regular
5282,2022-04-29,5,70454,,regular
5283,2022-05-02,1,82126,,regular
5283,2022-05-02,2,65083,,regular
5283,2022-05-02,3,38149,,regular
5283,2022-05-02,4,83640,,regular
5283,2022-05-02,5,25128,,regular
5284,2022-05-05,1,42505,,regular
5284,2022-05-05,2,51417,,regular
5284,2022-05-05,3,82284,,regular
5284,2022-05-05,4,85047,,regular
5284,2022-05-05,5,26058,,regular
5285,2022-05-08,1,67682,,regular
5285,2022-05-08,2,81553,,regular
5285,2022-05-08,3,27988,,regular
5285,2022-05-08,4,25227,,regular
5285,2022-05-08,5,04575,,regular
5286,2022-05-11,1,86990,,regular
5286,2022-05-11,2,88819,,regular
5286,2022-05-11,3,67728,,regular
5286,2022-05-11,4,25422,,regular
5286,2022-05-11,5,82092,,regular
5287,2022-05-14,1,39231,,regular
5287,2022-05-14,2,36652,,regular
5287,2022-05-14,3,61663,,regular
5287,2022-05-14,4,37609,,regular
5287,2022-05-14,5,17952,,regular
5288,2022-05-17,1,70630,,regular
5288,2022-05-17,2,51260,,regular
5288,2022-05-17,3,42041,,regular
5288,2022-05-17,4,16565,,regular
5288,2022-05-17,5,32409,,regular
5289,2022-05-20,1,20005,,regular
5289,2022-05-20,2,10091,,regular
5289,2022-05-20,3,48774,,regular
5289,2022-05-20,4,83082,,regular
5289,2022-05-20,5,30490,,regular
5290,2022-05-23,1,47810,,regular
5290,2022-05-23,2,13940,,regular
5290,2022-05-23,3,80863,,regular
5290,2022-05-23,4,57412,,regular
5290,2022-05-23,5,07362,,regular
5291,2022-05-26,1,93376,,regular
5291,2022-05-26,2,98483,,regular
5291,2022-05-26,3,02710,,regular
5291,2022-05-26,4,48489,,regular
5291,2022-05-26,5,80492,,regular
5292,2022-05-29,1,99335,,regular
5292,2022-05-29,2,74000,,regular
5292,2022-05-29,3,05493,,regular
5292,2022-05-29,4,84951,,regular
5292,2022-05-29,5,81672,,regular
5293,2022-06-01,1,51214,,regular
5293,2022-06-01,2,95119,,regular
5293,2022-06-01,3,98218,,regular
5293,2022-06-01,4,44440,,regular
5293,2022-06-01,5,85947,,regular
5294,2022-06-04,1,13931,,regular
5294,2022-06-04,2,22450,,regular
5294,2022-06-04,3,83274,,regular
5294,2022-06-04,4,25678,,regular
5294,2022-06-04,5,39733,,regular
5295,2022-06-07,1,84134,,regular
5295,2022-06-07,2,53994,,regular
5295,2022-06-07,3,32238,,regular
5295,2022-06-07,4,58039,,regular
5295,2022-06-07,5,77109,,regular
5296,2022-06-10,1,82010,,regular
5296,2022-06-10,2,40665,,regular
5296,2022-06-10,3,26565,,regular
5296,2022-06-10,4,77180,,regular
5296,2022-06-10,5,43328,,regular
5297,2022-06-13,1,36921,,regular
5297,2022-06-13,2,63093,,regular
5297,2022-06-13,3,76482,,regular
5297,2022-06-13,4,91932,,regular
5297,2022-06-13,5,88630,,regular
5298,2022-06-16,1,33350,,regular
5298,2022-06-16,2,82066,,regular
5298,2022-06-16,3,63643,,regular
5298,2022-06-16,4,48379,,regular
5298,2022-06-16,5,66760,,regular
5299,2022-06-19,1,76597,,regular
5299,2022-06-19,2,48120,,regular
5299,2022-06-19,3,20736,,regular
5299,2022-06-19,4,59934,,regular
5299,2022-06-19,5,65151,,regular
5300,2022-06-22,1,68711,,regular
5300,2022-06-22,2,08509,,regular
5300,2022-06-22,3,84645,,regular
5300,2022-06-22,4,17416,,regular
5300,2022-06-22,5,18910,,regular
5301,2022-06-25,1,83854,,regular
5301,2022-06-25,2,57002,,regular
5301,2022-06-25,3,97042,,regular
5301,2022-06-25,4,06485,,regular
5301,2022-06-25,5,87372,,regular
5302,2022-06-28,1,47266,,regular
5302,2022-06-28,2,51560,,regular
5302,2022-06-28,3,89167,,regular
5302,2022-06-28,4,64620,,regular
5302,2022-06-28,5,84418,,regular
5303,2022-07-01,1,27649,,regular
5303,2022-07-01,2,27419,,regular
5303,2022-07-01,3,43062,,regular
5303,2022-07-01,4,03296,,regular
5303,2022-07-01,5,27461,,regular
5304,2022-07-04,1,85272,,regular
5304,2022-07-04,2,29921,,regular
5304,2022-07-04,3,22433,,regular
5304,2022-07-04,4,80518,,regular
5304,2022-07-04,5,16642,,regular
5305,2022-07-07,1,34353,,regular
5305,2022-07-07,2,32443,,regular
5305,2022-07-07,3,57070,,regular
5305,2022-07-07,4,17930,,regular
5305,2022-07-07,5,76318,,regular
5306,2022-07-10,1,67339,,regular
5306,2022-07-10,2,50133,,regular
5306,2022-07-10,3,49614,,regular
5306,2022-07-10,4,98129,,regular
5306,2022-07-10,5,24953,,regular
5307,2022-07-13,1,00718,,regular
5307,2022-07-13,2,08368,,regular
5307,2022-07-13,3,96830,,regular
5307,2022-07-13,4,83004,,regular
5307,2022-07-13,5,77667,,regular
5308,2022-07-16,1,92530,,regular
5308,2022-07-16,2,79435,,regular
5308,2022-07-16,3,29754,,regular
5308,2022-07-16,4,87573,,regular
5308,2022-07-16,5,20975,,regular
5309,2022-07-19,1,32357,,regular
5309,2022-07-19,2,07042,,regular
5309,2022-07-19,3,65329,,regular
5309,2022-07-19,4,44736,,regular
5309,2022-07-19,5,44233,,regular
5310,2022-07-22,1,26708,,regular
5310,2022-07-22,2,88087,,regular
5310,2022-07-22,3,51333,,regular
5310,2022-07-22,4,52076,,regular
5310,2022-07-22,5,73709,,regular
5311,2022-07-25,1,08455,,regular
5311,2022-07-25,2,70459,,regular
5311,2022-07-25,3,40760,,regular
5311,2022-07-25,4,85006,,regular
5311,2022-07-25,5,49843,,regular
5312,2022-07-28,1,90838,,regular
5312,2022-07-28,2,23740,,regular
5312,2022-07-28,3,75509,,regular
5312,2022-07-28,4,55496,,regular
5312,2022-07-28,5,22904,,regular
5313,2022-07-31,1,42898,,regular
5313,2022-07-31,2,29551,,regular
5313,2022-07-31,3,46893,,regular
5313,2022-07-31,4,70147,,regular
5313,2022-07-31,5,94927,,regular
5314,2022-08-03,1,76542,,regular
5314,2022-08-03,2,76425,,regular
5314,2022-08-03,3,89305,,regular
5314,2022-08-03,4,04903,,regular
5314,2022-08-03,5,24262,,regular
5315,2022-08-06,1,99469,,regular
5315,2022-08-06,2,57334,,regular
5315,2022-08-06,3,83779,,regular
5315,2022-08-06,4,44782,,regular
5315,2022-08-06,5,60043,,regular
5316,2022-08-09,1,93764,,regular
5316,2022-08-09,2,14396,,regular
5316,2022-08-09,3,02417,,regular
5316,2022-08-09,4,65234,,regular
5316,2022-08-09,5,02415,,regular
5317,2022-08-12,1,81913,,regular
5317,2022-08-12,2,91091,,regular
5317,2022-08-12,3,07473,,regular
5317,2022-08-12,4,52614,,regular
5317,2022-08-12,5,08216,,regular
5318,2022-08-15,1,21458,,regular
5318,2022-08-15,2,93822,,regular
5318,2022-08-15,3,12505,,regular
5318,2022-08-15,4,17346,,regular
5318,2022-08-15,5,44015,,regular
5319,2022-08-18,1,84857,,regular
5319,2022-08-18,2,24954,,regular
5319,2022-08-18,3,33490,,regular
5319,2022-08-18,4,31724,,regular
5319,2022-08-18,5,24868,,regular
5320,2022-08-21,1,98513,,regular
5320,2022-08-21,2,32283,,regular
5320,2022-08-21,3,57981,,regular
5320,2022-08-21,4,03016,,regular
5320,2022-08-21,5,04751,,regular
5321,2022-08-24,1,09176,,regular
5321,2022-08-24,2,66436,,regular
5321,2022-08-24,3,28490,,regular
5321,2022-08-24,4,62523,,regular
5321,2022-08-24,5,43198,,regular
5322,2022-08-27,1,72438,,regular
5322,2022-08-27,2,18074,,regular
5322,2022-08-27,3,90747,,regular
5322,2022-08-27,4,21597,,regular
5322,2022-08-27,5,96403,,regular
5323,2022-08-30,1,65246,,regular
5323,2022-08-30,2,97240,,regular
5323,2022-08-30,3,62754,,regular
5323,2022-08-30,4,76138,,regular
5323,2022-08-30,5,87855,,regular
5324,2022-09-02,1,81532,,regular
5324,2022-09-02,2,31177,,regular
5324,2022-09-02,3,15068,,regular
5324,2022-09-02,4,55420,,regular
5324,2022-09-02,5,14276,,regular
5325,2022-09-05,1,60473,,regular
5325,2022-09-05,2,08330,,regular
5325,2022-09-05,3,86522,,regular
5325,2022-09-05,4,97313,,regular
5325,2022-09-05,5,46008,,regular
5326,2022-09-08,1,86645,,regular
5326,2022-09-08,2,09472,,regular
5326,2022-09-08,3,18700,,regular
5326,2022-09-08,4,59127,,regular
5326,2022-09-08,5,76599,,regular
5327,2022-09-11,1,69912,,regular
5327,2022-09-11,2,30274,,regular
5327,2022-09-11,3,72845,,regular
5327,2022-09-11,4,18336,,regular
5327,2022-09-11,5,32647,,regular
5328,2022-09-14,1,29224,,regular
5328,2022-09-14,2,32145,,regular
5328,2022-09-14,3,21504,,regular
5328,2022-09-14,4,11158,,regular
5328,2022-09-14,5,34834,,regular
5329,2022-09-17,1,81794,,regular
5329,2022-09-17,2,40164,,regular
5329,2022-09-17,3,12448,,regular
5329,2022-09-17,4,31740,,regular
5329,2022-09-17,5,30800,,regular
5330,2022-09-20,1,00543,,regular
5330,2022-09-20,2,89308,,regular
5330,2022-09-20,3,33700,,regular
5330,2022-09-20,4,48845,,regular
5330,2022-09-20,5,47555,,regular
5331,2022-09-23,1,15139,,regular
5331,2022-09-23,2,31334,,regular
5331,2022-09-23,3,67383,,regular
5331,2022-09-23,4,40868,,regular
5331,2022-09-23,5,01849,,regular
5332,2022-09-26,1,08318,,regular
5332,2022-09-26,2,92055,,regular
5332,2022-09-26,3,96785,,regular
5332,2022-09-26,4,92861,,regular
5332,2022-09-26,5,36652,,regular
5333,2022-09-29,1,10336,,regular
5333,2022-09-29,2,87880,,regular
5333,2022-09-29,3,90664,,regular
5333,2022-09-29,4,68171,,regular
5333,2022-09-29,5,85395,,regular
5334,2022-10-02,1,67690,,regular
5334,2022-10-02,2,51959,,regular
5334,2022-10-02,3,32143,,regular
5334,2022-10-02,4,48200,,regular
5334,2022-10-02,5,43830,,regular
5335,2022-10-05,1,61085,,regular
5335,2022-10-05,2,81029,,regular
5335,2022-10-05,3,27439,,regular
5335,2022-10-05,4,72837,,regular
5335,2022-10-05,5,57260,,regular
5336,2022-10-08,1,63635,,regular
5336,2022-10-08,2,05074,,regular
5336,2022-10-08,3,09678,,regular
5336,2022-10-08,4,07228,,regular
5336,2022-10-08,5,14150,,regular
5337,2022-10-11,1,13215,,regular
5337,2022-10-11,2,62078,,regular
5337,2022-10-11,3,51216,,regular
5337,2022-10-11,4,25813,,regular
5337,2022-10-11,5,68597,,regular
5338,2022-10-14,1,91670,,regular
5338,2022-10-14,2,69385,,regular
5338,2022-10-14,3,94024,,regular
5338,2022-10-14,4,96342,,regular
5338,2022-10-14,5,01374,,regular
5339,2022-10-17,1,72012,,regular
5339,2022-10-17,2,95034,,regular
5339,2022-10-17,3,86957,,regular
5339,2022-10-17,4,26694,,regular
5339,2022-10-17,5,45478,,regular
5340,2022-10-20,1,95379,,regular
5340,2022-10-20,2,20009,,regular
5340,2022-10-20,3,16943,,regular
5340,2022-10-20,4,91556,,regular
5340,2022-10-20,5,74324,,regular
5341,2022-10-23,1,21476,,regular
5341,2022-10-23,2,81663,,regular
5341,2022-10-23,3,75905,,regular
5341,2022-10-23,4,84021,,regular
5341,2022-10-23,5,91239,,regular
5342,2022-10-26,1,39663,,regular
5342,2022-10-26,2,34045,,regular
5342,2022-10-26,3,08253,,regular
5342,2022-10-26,4,58573,,regular
5342,2022-10-26,5,02389,,regular
5343,2022-10-29,1,11790,,regular
5343,2022-10-29,2,35977,,regular
5343,2022-10-29,3,65717,,regular
5343,2022-10-29,4,10122,,regular
5343,2022-10-29,5,34319,,regular
5344,2022-11-01,1,53869,,regular
5344,2022-11-01,2,87258,,regular
5344,2022-11-01,3,95547,,regular
5344,2022-11-01,4,87357,,regular
5344,2022-11-01,5,60703,,regular
5345,2022-11-04,1,44382,,regular
5345,2022-11-04,2,16098,,regular
5345,2022-11-04,3,16557,,regular
5345,2022-11-04,4,60894,,regular
5345,2022-11-04,5,87686,,regular
5346,2022-11-07,1,18071,,regular
5346,2022-11-07,2,81452,,regular
5346,2022-11-07,3,70399,,regular
5346,2022-11-07,4,77965,,regular
5346,2022-11-07,5,80861,,regular
5347,2022-11-10,1,40548,,regular
5347,2022-11-10,2,69890,,regular
5347,2022-11-10,3,97056,,regular
5347,2022-11-10,4,73579,,regular
5347,2022-11-10,5,42628,,regular
5348,2022-11-13,1,65276,,regular
5348,2022-11-13,2,82930,,regular
5348,2022-11-13,3,84252,,regular
5348,2022-11-13,4,75396,,regular
5348,2022-11-13,5,37859,,regular
5349,2022-11-16,1,22182,,regular
5349,2022-11-16,2,26011,,regular
5349,2022-11-16,3,29389,,regular
5349,2022-11-16,4,84933,,regular
5349,2022-11-16,5,59604,,regular
5350,2022-11-19,1,41235,,regular
5350,2022-11-19,2,09430,,regular
5350,2022-11-19,3,12263,,regular
5350,2022-11-19,4,61760,,regular
5350,2022-11-19,5,32515,,regular
5351,2022-11-22,1,58392,,regular
5351,2022-11-22,2,51789,,regular
5351,2022-11-22,3,30754,,regular
5351,2022-11-22,4,91666,,regular
5351,2022-11-22,5,51022,,regular
5352,2022-11-25,1,40563,,regular
5352,2022-11-25,2,42250,,regular
5352,2022-11-25,3,70309,,regular
5352,2022-11-25,4,99364,,regular
5352,2022-11-25,5,69930,,regular
5353,2022-11-28,1,92415,,regular
5353,2022-11-28,2,36843,,regular
5353,2022-11-28,3,87669,,regular
5353,2022-11-28,4,72126,,regular
5353,2022-11-28,5,77523,,regular
5354,2022-12-01,1,71958,,regular
5354,2022-12-01,2,96100,,regular
5354,2022-12-01,3,02550,,regular
5354,2022-12-01,4,95086,,regular
5354,2022-12-01,5,69166,,regular
5355,2022-12-04,1,14094,,regular
5355,2022-12-04,2,57574,,regular
5355,2022-12-04,3,89520,,regular
5355,2022-12-04,4,16698,,regular
5355,2022-12-04,5,18192,,regular
5356,2022-12-07,1,62974,,regular
5356,2022-12-07,2,56184,,regular
5356,2022-12-07,3,18187,,regular
5356,2022-12-07,4,87966,,regular
5356,2022-12-07,5,60433,,regular
5357,2022-12-10,1,94726,,regular
5357,2022-12-10,2,15911,,regular
5357,2022-12-10,3,35935,,regular
5357,2022-12-10,4,18361,,regular
5357,2022-12-10,5,32490,,regular
5358,2022-12-13,1,11159,,regular
5358,2022-12-13,2,12994,,regular
5358,2022-12-13,3,80253,,regular
5358,2022-12-13,4,76559,,regular
5358,2022-12-13,5,36903,,regular
5359,2022-12-16,1,44285,,regular
5359,2022-12-16,2,17943,,regular
5359,2022-12-16,3,41402,,regular
5359,2022-12-16,4,89992,,regular
5359,2022-12-16,5,57281,,regular
5360,2022-12-19,1,38752,,regular
5360,2022-12-19,2,10353,,regular
5360,2022-12-19,3,32371,,regular
5360,2022-12-19,4,74305,,regular
5360,2022-12-19,5,98272,,regular
5361,2022-12-22,1,07076,,regular
5361,2022-12-22,2,68739,,regular
5361,2022-12-22,3,51555,,regular
5361,2022-12-22,4,48621,,regular
5361,2022-12-22,5,55747,,regular
5362,2022-12-25,1,82702,,regular
5362,2022-12-25,2,04573,,regular
5362,2022-12-25,3,34331,,regular
5362,2022-12-25,4,29280,,regular
5362,2022-12-25,5,38529,,regular
5363,2022-12-28,1,60518,,regular
5363,2022-12-28,2,87834,,regular
5363,2022-12-28,3,70968,,regular
5363,2022-12-28,4,28222,,regular
5363,2022-12-28,5,59900,,regular
5364,2022-12-31,1,09343,,regular
5364,2022-12-31,2,27516,,regular
5364,2022-12-31,3,28558,,regular
5364,2022-12-31,4,89012,,regular
5364,2022-12-31,5,22080,,regular
5365,2023-01-03,1,67140,,regular
5365,2023-01-03,2,89719,,regular
5365,2023-01-03,3,39399,,regular
5365,2023-01-03,4,17227,,regular
5365,2023-01-03,5,41100,,regular
5366,2023-01-06,1,24182,,regular
5366,2023-01-06,2,37129,,regular
5366,2023-01-06,3,10606,,regular
5366,2023-01-06,4,52915,,regular
5366,2023-01-06,5,46726,,regular
5367,2023-01-09,1,30853,,regular
5367,2023-01-09,2,54789,,regular
5367,2023-01-09,3,95644,,regular
5367,2023-01-09,4,58836,,regular
5367,2023-01-09,5,98599,,regular
5368,2023-01-12,1,20815,,regular
5368,2023-01-12,2,01020,,regular
5368,2023-01-12,3,38005,,regular
5368,2023-01-12,4,66028,,regular
5368,2023-01-12,5,80902,,regular
5369,2023-01-15,1,01010,,regular
5369,2023-01-15,2,93871,,regular
5369,2023-01-15,3,29088,,regular
5369,2023-01-15,4,57417,,regular
5369,2023-01-15,5,57125,,regular
5370,2023-01-18,1,22418,,regular
5370,2023-01-18,2,38821,,regular
5370,2023-01-18,3,40922,,regular
5370,2023-01-18,4,39244,,regular
5370,2023-01-18,5,07325,,regular
5371,2023-01-21,1,95158,,regular
5371,2023-01-21,2,30943,,regular
5371,2023-01-21,3,57949,,regular
5371,2023-01-21,4,29573,,regular
5371,2023-01-21,5,00015,,regular
5372,2023-01-24,1,05223,,regular
5372,2023-01-24,2,47746,,regular
5372,2023-01-24,3,38433,,regular
5372,2023-01-24,4,18666,,regular
5372,2023-01-24,5,55482,,regular
5373,2023-01-27,1,97725,,regular
5373,2023-01-27,2,87415,,regular
5373,2023-01-27,3,75283,,regular
5373,2023-01-27,4,08420,,regular
5373,2023-01-27,5,25349,,regular
5374,2023-01-30,1,60256,,regular
5374,2023-01-30,2,22064,,regular
5374,2023-01-30,3,02900,,regular
5374,2023-01-30,4,72367,,regular
5374,2023-01-30,5,19367,,regular
5375,2023-02-02,1,16112,,regular
5375,2023-02-02,2,19039,,regular
5375,2023-02-02,3,23340,,regular
5375,2023-02-02,4,72559,,regular
5375,2023-02-02,5,71809,,regular
5376,2023-02-05,1,70018,,regular
5376,2023-02-05,2,67921,,regular
5376,2023-02-05,3,00843,,regular
5376,2023-02-05,4,07760,,regular
5376,2023-02-05,5,11795,,regular
5377,2023-02-08,1,31746,,regular
5377,2023-02-08,2,60932,,regular
5377,2023-02-08,3,62801,,regular
5377,2023-02-08,4,87648,,regular
5377,2023-02-08,5,69030,,regular
5378,2023-02-11,1,67082,,regular
5378,2023-02-11,2,47013,,regular
5378,2023-02-11,3,23837,,regular
5378,2023-02-11,4,90942,,regular
5378,2023-02-11,5,55269,,regular
5379,2023-02-14,1,63800,,regular
5379,2023-02-14,2,12319,,regular
5379,2023-02-14,3,03246,,regular
5379,2023-02-14,4,90853,,regular
5379,2023-02-14,5,79343,,regular
5380,2023-02-17,1,33785,,regular
5380,2023-02-17,2,27855,,regular
5380,2023-02-17,3,83225,,regular
5380,2023-02-17,4,50292,,regular
5380,2023-02-17,5,78707,,regular
5381,2023-02-20,1,82758,,regular
5381,2023-02-20,2,44973,,regular
5381,2023-02-20,3,97444,,regular
5381,2023-02-20,4,66057,,regular
5381,2023-02-20,5,75542,,regular
5382,2023-02-23,1,02482,,regular
5382,2023-02-23,2,70234,,regular
5382,2023-02-23,3,23822,,regular
5382,2023-02-23,4,22718,,regular
5382,2023-02-23,5,26222,,regular
5383,2023-02-26,1,38305,,regular
5383,2023-02-26,2,23329,,regular
5383,2023-02-26,3,65475,,regular
5383,2023-02-26,4,02477,,regular
5383,2023-02-26,5,52747,,regular
5384,2023-03-01,1,18249,,regular
5384,2023-03-01,2,41102,,regular
5384,2023-03-01,3,79943,,regular
5384,2023-03-01,4,65148,,regular
5384,2023-03-01,5,70405,,regular
5385,2023-03-04,1,60280,,regular
5385,2023-03-04,2,94295,,regular
5385,2023-03-04,3,37065,,regular
5385,2023-03-04,4,18594,,regular
5385,2023-03-04,5,14693,,regular
5386,2023-03-07,1,29586,,regular
5386,2023-03-07,2,76645,,regular
5386,2023-03-07,3,61838,,regular
5386,2023-03-07,4,91996,,regular
5386,2023-03-07,5,42639,,regular
5387,2023-03-10,1,09917,,regular
5387,2023-03-10,2,26830,,regular
5387,2023-03-10,3,48640,,regular
5387,2023-03-10,4,87996,,regular
5387,2023-03-10,5,94650,,regular
5388,2023-03-13,1,03013,,regular
5388,2023-03-13,2,26633,,regular
5388,2023-03-13,3,38960,,regular
5388,2023-03-13,4,65528,,regular
5388,2023-03-13,5,86560,,regular
5389,2023-03-16,1,53558,,regular
5389,2023-03-16,2,04657,,regular
5389,2023-03-16,3,99007,,regular
5389,2023-03-16,4,92545,,regular
5389,2023-03-16,5,78321,,regular
5390,2023-03-19,1,98726,,regular
5390,2023-03-19,2,62638,,regular
5390,2023-03-19,3,59512,,regular
5390,2023-03-19,4,29071,,regular
5390,2023-03-19,5,27078,,regular
5391,2023-03-22,1,50006,,regular
5391,2023-03-22,2,15784,,regular
5391,2023-03-22,3,74429,,regular
5391,2023-03-22,4,72307,,regular
5391,2023-03-22,5,79027,,regular
5392,2023-03-25,1,49358,,regular
5392,2023-03-25,2,45328,,regular
5392,2023-03-25,3,13601,,regular
5392,2023-03-25,4,85691,,regular
5392,2023-03-25,5,24932,,regular
5393,2023-03-28,1,25907,,regular
5393,2023-03-28,2,05775,,regular
5393,2023-03-28,3,28762,,regular
5393,2023-03-28,4,68852,,regular
5393,2023-03-28,5,84085,,regular
5394,2023-03-31,1,69588,,regular
5394,2023-03-31,2,97434,,regular
5394,2023-03-31,3,26380,,regular
5394,2023-03-31,4,22731,,regular
5394,2023-03-31,5,33800,,regular
5395,2023-04-03,1,54052,,regular
5395,2023-04-03,2,37507,,regular
5395,2023-04-03,3,98882,,regular
5395,2023-04-03,4,86364,,regular
5395,2023-04-03,5,97934,,regular
5396,2023-04-06,1,88604,,regular
5396,2023-04-06,2,24526,,regular
5396,2023-04-06,3,76617,,regular
5396,2023-04-06,4,13506,,regular
5396,2023-04-06,5,00669,,regular
5397,2023-04-09,1,40895,,regular
5397,2023-04-09,2,73309,,regular
5397,2023-04-09,3,34155,,regular
5397,2023-04-09,4,57026,,regular
5397,2023-04-09,5,87262,,regular
5398,2023-04-12,1,10731,,regular
5398,2023-04-12,2,01864,,regular
5398,2023-04-12,3,42764,,regular
5398,2023-04-12,4,87402,,regular
5398,2023-04-12,5,51377,,regular
5399,2023-04-15,1,53330,,regular
5399,2023-04-15,2,85185,,regular
5399,2023-04-15,3,75323,,regular
5399,2023-04-15,4,45576,,regular
5399,2023-04-15,5,74505,,regular
5400,2023-04-18,1,40689,,regular
5400,2023-04-18,2,61284,,regular
5400,2023-04-18,3,64804,,regular
5400,2023-04-18,4,50841,,regular
5400,2023-04-18,5,19992,,regular
5401,2023-04-21,1,97052,,regular
5401,2023-04-21,2,23730,,regular
5401,2023-04-21,3,12129,,regular
5401,2023-04-21,4,56629,,regular
5401,2023-04-21,5,88073,,regular
5402,2023-04-24,1,11453,,regular
5402,2023-04-24,2,47583,,regular
5402,2023-04-24,3,27123,,regular
5402,2023-04-24,4,96194,,regular
5402,2023-04-24,5,07048,,regular
5403,2023-04-27,1,92111,,regular
5403,2023-04-27,2,00694,,regular
5403,2023-04-27,3,53295,,regular
5403,2023-04-27,4,22766,,regular
5403,2023-04-27,5,79548,,regular
5404,2023-04-30,1,85449,,regular
5404,2023-04-30,2,13224,,regular
5404,2023-04-30,3,29063,,regular
5404,2023-04-30,4,40637,,regular
5404,2023-04-30,5,86897,,regular
5405,2023-05-03,1,47978,,regular
5405,2023-05-03,2,77221,,regular
5405,2023-05-03,3,98440,,regular
5405,2023-05-03,4,34847,,regular
5405,2023-05-03,5,74848,,regular
5406,2023-05-06,1,21263,,regular
5406,2023-05-06,2,40412,,regular
5406,2023-05-06,3,70255,,regular
5406,2023-05-06,4,22109,,regular
5406,2023-05-06,5,68265,,regular
5407,2023-05-09,1,62506,,regular
5407,2023-05-09,2,71973,,regular
5407,2023-05-09,3,05169,,regular
5407,2023-05-09,4,39484,,regular
5407,2023-05-09,5,37656,,regular
5408,2023-05-12,1,37244,,regular
5408,2023-05-12,2,51015,,regular
5408,2023-05-12,3,03900,,regular
5408,2023-05-12,4,85667,,regular
5408,2023-05-12,5,08399,,regular
5409,2023-05-15,1,70834,,regular
5409,2023-05-15,2,07847,,regular
5409,2023-05-15,3,46851,,regular
5409,2023-05-15,4,95569,,regular
5409,2023-05-15,5,11174,,regular
5410,2023-05-18,1,34042,,regular
5410,2023-05-18,2,09470,,regular
5410,2023-05-18,3,70918,,regular
5410,2023-05-18,4,28494,,regular
5410,2023-05-18,5,05688,,regular
5411,2023-05-21,1,69808,,regular
5411,2023-05-21,2,66595,,regular
5411,2023-05-21,3,90138,,regular
5411,2023-05-21,4,80117,,regular
5411,2023-05-21,5,60247,,regular
5412,2023-05-24,1,67951,,regular
5412,2023-05-24,2,05858,,regular
5412,2023-05-24,3,16693,,regular
5412,2023-05-24,4,37219,,regular
5412,2023-05-24,5,34761,,regular
5413,2023-05-27,1,44023,,regular
5413,2023-05-27,2,71637,,regular
5413,2023-05-27,3,54450,,regular
5413,2023-05-27,4,35705,,regular
5413,2023-05-27,5,81818,,regular
5414,2023-05-30,1,23643,,regular
5414,2023-05-30,2,73178,,regular
5414,2023-05-30,3,24958,,regular
5414,2023-05-30,4,28176,,regular
5414,2023-05-30,5,75726,,regular
5415,2023-06-02,1,60111,,regular
5415,2023-06-02,2,53768,,regular
5415,2023-06-02,3,32230,,regular
5415,2023-06-02,4,02534,,regular
5415,2023-06-02,5,22147,,regular
5416,2023-06-05,1,35434,,regular
5416,2023-06-05,2,54454,,regular
5416,2023-06-05,3,80978,,regular
5416,2023-06-05,4,65459,,regular
5416,2023-06-05,5,06863,,regular
5417,2023-06-08,1,44317,,regular
5417,2023-06-08,2,37312,,regular
5417,2023-06-08,3,68098,,regular
5417,2023-06-08,4,93861,,regular
5417,2023-06-08,5,04131,,regular
5418,2023-06-11,1,25867,,regular
5418,2023-06-11,2,63030,,regular
5418,2023-06-11,3,17619,,regular
5418,2023-06-11,4,82543,,regular
5418,2023-06-11,5,47923,,regular
5419,2023-06-14,1,90959,,regular
5419,2023-06-14,2,46653,,regular
5419,2023-06-14,3,48636,,regular
5419,2023-06-14,4,42375,,regular
5419,2023-06-14,5,72083,,regular
5420,2023-06-17,1,47724,,regular
5420,2023-06-17,2,78430,,regular
5420,2023-06-17,3,96134,,regular
5420,2023-06-17,4,06139,,regular
5420,2023-06-17,5,15185,,regular
5421,2023-06-20,1,83891,,regular
5421,2023-06-20,2,88211,,regular
5421,2023-06-20,3,82603,,regular
5421,2023-06-20,4,76754,,regular
5421,2023-06-20,5,23362,,regular
5422,2023-06-23,1,42754,,regular
5422,2023-06-23,2,33343,,regular
5422,2023-06-23,3,24971,,regular
5422,2023-06-23,4,67150,,regular
5422,2023-06-23,5,92005,,regular
5423,2023-06-26,1,43887,,regular
5423,2023-06-26,2,87393,,regular
5423,2023-06-26,3,96181,,regular
5423,2023-06-26,4,86738,,regular
5423,2023-06-26,5,32763,,regular
5424,2023-06-29,1,61929,,regular
5424,2023-06-29,2,37432,,regular
5424,2023-06-29,3,92760,,regular
5424,2023-06-29,4,70824,,regular
5424,2023-06-29,5,98305,,regular
5425,2023-07-02,1,73569,,regular
5425,2023-07-02,2,74926,,regular
5425,2023-07-02,3,29458,,regular
5425,2023-07-02,4,42402,,regular
5425,2023-07-02,5,90108,,regular
5426,2023-07-05,1,64632,,regular
5426,2023-07-05,2,80439,,regular
5426,2023-07-05,3,45586,,regular
5426,2023-07-05,4,96398,,regular
5426,2023-07-05,5,55625,,regular
5427,2023-07-08,1,91563,,regular
5427,2023-07-08,2,46610,,regular
5427,2023-07-08,3,99337,,regular
5427,2023-07-08,4,64742,,regular
5427,2023-07-08,5,64046,,regular
5428,2023-07-11,1,07387,,regular
5428,2023-07-11,2,76851,,regular
5428,2023-07-11,3,80751,,regular
5428,2023-07-11,4,84492,,regular
5428,2023-07-11,5,13274,,regular
5429,2023-07-14,1,49681,,regular
5429,2023-07-14,2,72678,,regular
5429,2023-07-14,3,18368,,regular
5429,2023-07-14,4,69769,,regular
5429,2023-07-14,5,38181,,regular
5430,2023-07-17,1,64703,,regular
5430,2023-07-17,2,08998,,regular
5430,2023-07-17,3,35919,,regular
5430,2023-07-17,4,37626,,regular
5430,2023-07-17,5,15441,,regular
5431,2023-07-20,1,16279,,regular
5431,2023-07-20,2,23265,,regular
5431,2023-07-20,3,64727,,regular
5431,2023-07-20,4,46831,,regular
5431,2023-07-20,5,18932,,regular
5432,2023-07-23,1,88301,,regular
5432,2023-07-23,2,82304,,regular
5432,2023-07-23,3,47348,,regular
5432,2023-07-23,4,92334,,regular
5432,2023-07-23,5,08961,,regular
5433,2023-07-26,1,82671,,regular
5433,2023-07-26,2,87059,,regular
5433,2023-07-26,3,28149,,regular
5433,2023-07-26,4,46692,,regular
5433,2023-07-26,5,10127,,regular
5434,2023-07-29,1,57320,,regular
5434,2023-07-29,2,14514,,regular
5434,2023-07-29,3,87306,,regular
5434,2023-07-29,4,85691,,regular
5434,2023-07-29,5,56576,,regular
5435,2023-08-01,1,07167,,regular
5435,2023-08-01,2,92575,,regular
5435,2023-08-01,3,57661,,regular
5435,2023-08-01,4,91670,,regular
5435,2023-08-01,5,22820,,regular
5436,2023-08-04,1,67520,,regular
5436,2023-08-04,2,31311,,regular
5436,2023-08-04,3,07865,,regular
5436,2023-08-04,4,28018,,regular
5436,2023-08-04,5,68553,,regular
5437,2023-08-07,1,20961,,regular
5437,2023-08-07,2,23535,,regular
5437,2023-08-07,3,06068,,regular
5437,2023-08-07,4,84569,,regular
5437,2023-08-07,5,90344,,regular
5438,2023-08-10,1,00552,,regular
5438,2023-08-10,2,71729,,regular
5438,2023-08-10,3,20658,,regular
5438,2023-08-10,4,15580,,regular
5438,2023-08-10,5,32197,,regular
5439,2023-08-13,1,44331,,regular
5439,2023-08-13,2,04738,,regular
5439,2023-08-13,3,70430,,regular
5439,2023-08-13,4,95500,,regular
5439,2023-08-13,5,30824,,regular
5440,2023-08-16,1,62676,,regular
5440,2023-08-16,2,49958,,regular
5440,2023-08-16,3,45215,,regular
5440,2023-08-16,4,24131,,regular
5440,2023-08-16,5,42182,,regular
5441,2023-08-19,1,06246,,regular
5441,2023-08-19,2,18299,,regular
5441,2023-08-19,3,56244,,regular
5441,2023-08-19,4,31035,,regular
5441,2023-08-19,5,67973,,regular
5442,2023-08-22,1,16209,,regular
5442,2023-08-22,2,35737,,regular
5442,2023-08-22,3,80096,,regular
5442,2023-08-22,4,08500,,regular
5442,2023-08-22,5,83126,,regular
5443,2023-08-25,1,70245,,regular
5443,2023-08-25,2,08789,,regular
5443,2023-08-25,3,02322,,regular
5443,2023-08-25,4,72224,,regular
5443,2023-08-25,5,95835,,regular
5444,2023-08-28,1,80529,,regular
5444,2023-08-28,2,11615,,regular
5444,2023-08-28,3,45964,,regular
5444,2023-08-28,4,20227,,regular
5444,2023-08-28,5,88842,,regular
5445,2023-08-31,1,98836,,regular
5445,2023-08-31,2,92922,,regular
5445,2023-08-31,3,57554,,regular
5445,2023-08-31,4,68719,,regular
5445,2023-08-31,5,53737,,regular
5446,2023-09-03,1,59529,,regular
5446,2023-09-03,2,07120,,regular
5446,2023-09-03,3,06848,,regular
5446,2023-09-03,4,29936,,regular
5446,2023-09-03,5,08581,,regular
5447,2023-09-06,1,82483,,regular
5447,2023-09-06,2,21783,,regular
5447,2023-09-06,3,02347,,regular
5447,2023-09-06,4,51027,,regular
5447,2023-09-06,5,24819,,regular
5448,2023-09-09,1,27429,,regular
5448,2023-09-09,2,67814,,regular
5448,2023-09-09,3,99373,,regular
5448,2023-09-09,4,10765,,regular
5448,2023-09-09,5,38796,,regular
5449,2023-09-12,1,78761,,regular
5449,2023-09-12,2,07151,,regular
5449,2023-09-12,3,52533,,regular
5449,2023-09-12,4,61392,,regular
5449,2023-09-12,5,70683,,regular
5450,2023-09-15,1,60220,,regular
5450,2023-09-15,2,63448,,regular
5450,2023-09-15,3,40835,,regular
5450,2023-09-15,4,12080,,regular
5450,2023-09-15,5,17389,,regular
5451,2023-09-18,1,55157,,regular
5451,2023-09-18,2,63676,,regular
5451,2023-09-18,3,97524,,regular
5451,2023-09-18,4,30736,,regular
5451,2023-09-18,5,14534,,regular
5452,2023-09-21,1,78499,,regular
5452,2023-09-21,2,55574,,regular
5452,2023-09-21,3,45963,,regular
5452,2023-09-21,4,65770,,regular
5452,2023-09-21,5,26584,,regular
5453,2023-09-24,1,49867,,regular
5453,2023-09-24,2,42833,,regular
5453,2023-09-24,3,46168,,regular
5453,2023-09-24,4,17477,,regular
5453,2023-09-24,5,46392,,regular
5454,2023-09-27,1,13428,,regular
5454,2023-09-27,2,83960,,regular
5454,2023-09-27,3,08070,,regular
5454,2023-09-27,4,98798,,regular
5454,2023-09-27,5,50037,,regular
5455,2023-09-30,1,97499,,regular
5455,2023-09-30,2,10845,,regular
5455,2023-09-30,3,61135,,regular
5455,2023-09-30,4,68030,,regular
5455,2023-09-30,5,35617,,regular
5456,2023-10-03,1,70488,,regular
5456,2023-10-03,2,48787,,regular
5456,2023-10-03,3,41553,,regular
5456,2023-10-03,4,94451,,regular
5456,2023-10-03,5,64260,,regular
5457,2023-10-06,1,74133,,regular
5457,2023-10-06,2,09981,,regular
5457,2023-10-06,3,72668,,regular
5457,2023-10-06,4,45049,,regular
5457,2023-10-06,5,04005,,regular
5458,2023-10-09,1,24149,,regular
5458,2023-10-09,2,54453,,regular
5458,2023-10-09,3,53249,,regular
5458,2023-10-09,4,96792,,regular
5458,2023-10-09,5,94557,,regular
5459,2023-10-12,1,49249,,regular
5459,2023-10-12,2,95945,,regular
5459,2023-10-12,3,59065,,regular
5459,2023-10-12,4,68571,,regular
5459,2023-10-12,5,37019,,regular
5460,2023-10-15,1,40435,,regular
5460,2023-10-15,2,48704,,regular
5460,2023-10-15,3,66755,,regular
5460,2023-10-15,4,63422,,regular
5460,2023-10-15,5,29577,,regular
5461,2023-10-18,1,75774,,regular
5461,2023-10-18,2,61512,,regular
5461,2023-10-18,3,44048,,regular
5461,2023-10-18,4,86459,,regular
5461,2023-10-18,5,49442,,regular
5462,2023-10-21,1,10571,,regular
5462,2023-10-21,2,36185,,regular
5462,2023-10-21,3,41277,,regular
5462,2023-10-21,4,31153,,regular
5462,2023-10-21,5,26543,,regular
5463,2023-10-24,1,09960,,regular
5463,2023-10-24,2,27764,,regular
5463,2023-10-24,3,92733,,regular
5463,2023-10-24,4,72357,,regular
5463,2023-10-24,5,44739,,regular
5464,2023-10-27,1,75357,,regular
5464,2023-10-27,2,91975,,regular
5464,2023-10-27,3,55978,,regular
5464,2023-10-27,4,94910,,regular
5464,2023-10-27,5,04935,,regular
5465,2023-10-30,1,62593,,regular
5465,2023-10-30,2,99213,,regular
5465,2023-10-30,3,24180,,regular
5465,2023-10-30,4,58749,,regular
5465,2023-10-30,5,43577,,regular
5466,2023-11-02,1,08127,,regular
5466,2023-11-02,2,00384,,regular
5466,2023-11-02,3,59374,,regular
5466,2023-11-02,4,06104,,regular
5466,2023-11-02,5,40336,,regular
5467,2023-11-05,1,12234,,regular
5467,2023-11-05,2,52154,,regular
5467,2023-11-05,3,67707,,regular
5467,2023-11-05,4,17830,,regular
5467,2023-11-05,5,42759,,regular
5468,2023-11-08,1,24138,,regular
5468,2023-11-08,2,36686,,regular
5468,2023-11-08,3,83236,,regular
5468,2023-11-08,4,17660,,regular
5468,2023-11-08,5,86337,,regular
5469,2023-11-11,1,13645,,regular
5469,2023-11-11,2,97961,,regular
5469,2023-11-11,3,19949,,regular
5469,2023-11-11,4,74374,,regular
5469,2023-11-11,5,09296,,regular
5470,2023-11-14,1,47162,,regular
5470,2023-11-14,2,43355,,regular
5470,2023-11-14,3,67587,,regular
5470,2023-11-14,4,25155,,regular
5470,2023-11-14,5,79898,,regular
5471,2023-11-17,1,80521,,regular
5471,2023-11-17,2,49665,,regular
5471,2023-11-17,3,64654,,regular
5471,2023-11-17,4,40507,,regular
5471,2023-11-17,5,27862,,regular
5472,2023-11-20,1,70349,,regular
5472,2023-11-20,2,11238,,regular
5472,2023-11-20,3,38293,,regular
5472,2023-11-20,4,34037,,regular
5472,2023-11-20,5,18393,,regular
5473,2023-11-23,1,99777,,regular
5473,2023-11-23,2,49200,,regular
5473,2023-11-23,3,35644,,regular
5473,2023-11-23,4,75784,,regular
5473,2023-11-23,5,88163,,regular
5474,2023-11-26,1,06376,,regular
5474,2023-11-26,2,12656,,regular
5474,2023-11-26,3,16069,,regular
5474,2023-11-26,4,29258,,regular
5474,2023-11-26,5,81316,,regular
5475,2023-11-29,1,60809,,regular
5475,2023-11-29,2,06934,,regular
5475,2023-11-29,3,30234,,regular
5475,2023-11-29,4,16853,,regular
5475,2023-11-29,5,49733,,regular
5476,2023-12-02,1,85369,,regular
5476,2023-12-02,2,85107,,regular
5476,2023-12-02,3,81068,,regular
5476,2023-12-02,4,08511,,regular
5476,2023-12-02,5,41980,,regular
5477,2023-12-05,1,56086,,regular
5477,2023-12-05,2,15423,,regular
5477,2023-12-05,3,37993,,regular
5477,2023-12-05,4,07083,,regular
5477,2023-12-05,5,01529,,regular
5478,2023-12-08,1,89677,,regular
5478,2023-12-08,2,71759,,regular
5478,2023-12-08,3,25440,,regular
5478,2023-12-08,4,22682,,regular
5478,2023-12-08,5,44924,,regular
5479,2023-12-11,1,87156,,regular
5479,2023-12-11,2,73453,,regular
5479,2023-12-11,3,35630,,regular
5479,2023-12-11,4,94734,,regular
5479,2023-12-11,5,48904,,regular
5480,2023-12-14,1,46674,,regular
5480,2023-12-14,2,75781,,regular
5480,2023-12-14,3,44420,,regular
5480,2023-12-14,4,55186,,regular
5480,2023-12-14,5,81836,,regular
5481,2023-12-17,1,61064,,regular
5481,2023-12-17,2,35059,,regular
5481,2023-12-17,3,67913,,regular
5481,2023-12-17,4,09030,,regular
5481,2023-12-17,5,02326,,regular
5482,2023-12-20,1,55498,,regular
5482,2023-12-20,2,38854,,regular
5482,2023-12-20,3,06523,,regular
5482,2023-12-20,4,26332,,regular
5482,2023-12-20,5,87650,,regular
5483,2023-12-23,1,33181,,regular
5483,2023-12-23,2,55189,,regular
5483,2023-12-23,3,20901,,regular
5483,2023-12-23,4,44518,,regular
5483,2023-12-23,5,44899,,regular
5484,2023-12-26,1,49409,,regular
5484,2023-12-26,2,17293,,regular
5484,2023-12-26,3,18303,,regular
5484,2023-12-26,4,22374,,regular
5484,2023-12-26,5,80882,,regular
5485,2023-12-29,1,44545,,regular
5485,2023-12-29,2,40535,,regular
5485,2023-12-29,3,24903,,regular
5485,2023-12-29,4,54186,,regular
5485,2023-12-29,5,58943,,regular
5486,2024-01-01,1,69237,,regular
5486,2024-01-01,2,33397,,regular
5486,2024-01-01,3,72861,,regular
5486,2024-01-01,4,71201,,regular
5486,2024-01-01,5,82449,,regular
5487,2024-01-04,1,67650,,regular
5487,2024-01-04,2,46817,,regular
5487,2024-01-04,3,33349,,regular
5487,2024-01-04,4,48081,,regular
5487,2024-01-04,5,98495,,regular
5488,2024-01-07,1,94230,,regular
5488,2024-01-07,2,69553,,regular
5488,2024-01-07,3,31672,,regular
5488,2024-01-07,4,06911,,regular
5488,2024-01-07,5,97183,,regular
5489,2024-01-10,1,49048,,regular
5489,2024-01-10,2,88601,,regular
5489,2024-01-10,3,02322,,regular
5489,2024-01-10,4,22910,,regular
5489,2024-01-10,5,59784,,regular
5490,2024-01-13,1,05745,,regular
5490,2024-01-13,2,19542,,regular
5490,2024-01-13,3,84296,,regular
5490,2024-01-13,4,03993,,regular
5490,2024-01-13,5,08836,,regular
5491,2024-01-16,1,16410,,regular
5491,2024-01-16,2,26976,,regular
5491,2024-01-16,3,29282,,regular
5491,2024-01-16,4,93810,,regular
5491,2024-01-16,5,59615,,regular
5492,2024-01-19,1,21014,,regular
5492,2024-01-19,2,12445,,regular
5492,2024-01-19,3,98145,,regular
5492,2024-01-19,4,30449,,regular
5492,2024-01-19,5,70227,,regular
5493,2024-01-22,1,66167,,regular
5493,2024-01-22,2,05347,,regular
5493,2024-01-22,3,01988,,regular
5493,2024-01-22,4,78926,,regular
5493,2024-01-22,5,67733,,regular
5494,2024-01-25,1,17027,,regular
5494,2024-01-25,2,22475,,regular
5494,2024-01-25,3,88058,,regular
5494,2024-01-25,4,14606,,regular
5494,2024-01-25,5,51647,,regular
5495,2024-01-28,1,89535,,regular
5495,2024-01-28,2,77573,,regular
5495,2024-01-28,3,29100,,regular
5495,2024-01-28,4,80285,,regular
5495,2024-01-28,5,25912,,regular
5496,2024-01-31,1,65068,,regular
5496,2024-01-31,2,24312,,regular
5496,2024-01-31,3,04700,,regular
5496,2024-01-31,4,09724,,regular
5496,2024-01-31,5,62310,,regular
5497,2024-02-03,1,83560,,regular
5497,2024-02-03,2,48478,,regular
5497,2024-02-03,3,31588,,regular
5497,2024-02-03,4,92414,,regular
5497,2024-02-03,5,91180,,regular
5498,2024-02-06,1,12261,,regular
5498,2024-02-06,2,86758,,regular
5498,2024-02-06,3,73862,,regular
5498,2024-02-06,4,98944,,regular
5498,2024-02-06,5,49999,,regular
5499,2024-02-09,1,54596,,regular
5499,2024-02-09,2,48055,,regular
5499,2024-02-09,3,44046,,regular
5499,2024-02-09,4,80249,,regular
5499,2024-02-09,5,04913,,regular
5500,2024-02-12,1,07789,,regular
5500,2024-02-12,2,92067,,regular
5500,2024-02-12,3,02319,,regular
5500,2024-02-12,4,83846,,regular
5500,2024-02-12,5,66552,,regular
5501,2024-02-15,1,36465,,regular
5501,2024-02-15,2,73777,,regular
5501,2024-02-15,3,70388,,regular
5501,2024-02-15,4,87861,,regular
5501,2024-02-15,5,63179,,regular
5502,2024-02-18,1,34994,,regular
5502,2024-02-18,2,04572,,regular
5502,2024-02-18,3,62545,,regular
5502,2024-02-18,4,90445,,regular
5502,2024-02-18,5,78525,,regular
5503,2024-02-21,1,69717,,regular
5503,2024-02-21,2,42934,,regular
5503,2024-02-21,3,89999,,regular
5503,2024-02-21,4,50067,,regular
5503,2024-02-21,5,95965,,regular
5504,2024-02-24,1,02375,,regular
5504,2024-02-24,2,41424,,regular
5504,2024-02-24,3,47647,,regular
5504,2024-02-24,4,31527,,regular
5504,2024-02-24,5,59207,,regular
5505,2024-02-27,1,34120,,regular
5505,2024-02-27,2,72273,,regular
5505,2024-02-27,3,48134,,regular
5505,2024-02-27,4,16541,,regular
5505,2024-02-27,5,04054,,regular
5506,2024-03-01,1,53689,,regular
5506,2024-03-01,2,93078,,regular
5506,2024-03-01,3,02725,,regular
5506,2024-03-01,4,22837,,regular
5506,2024-03-01,5,58193,,regular
5507,2024-03-04,1,01212,,regular
5507,2024-03-04,2,62462,,regular
5507,2024-03-04,3,97681,,regular
5507,2024-03-04,4,85304,,regular
5507,2024-03-04,5,59769,,regular
5508,2024-03-07,1,83111,,regular
5508,2024-03-07,2,67222,,regular
5508,2024-03-07,3,21602,,regular
5508,2024-03-07,4,55145,,regular
5508,2024-03-07,5,82810,,regular
5509,2024-03-10,1,99162,,regular
5509,2024-03-10,2,51548,,regular
5509,2024-03-10,3,77222,,regular
5509,2024-03-10,4,86247,,regular
5509,2024-03-10,5,47982,,regular
5510,2024-03-13,1,92714,,regular
5510,2024-03-13,2,80624,,regular
5510,2024-03-13,3,62212,,regular
5510,2024-03-13,4,69947,,regular
5510,2024-03-13,5,47520,,regular
5511,2024-03-16,1,43891,,regular
5511,2024-03-16,2,48856,,regular
5511,2024-03-16,3,93799,,regular
5511,2024-03-16,4,80362,,regular
5511,2024-03-16,5,38545,,regular
5512,2024-03-19,1,69145,,regular
5512,2024-03-19,2,42494,,regular
5512,2024-03-19,3,71450,,regular
5512,2024-03-19,4,41804,,regular
5512,2024-03-19,5,68451,,regular
5513,2024-03-22,1,36014,,regular
5513,2024-03-22,2,99583,,regular
5513,2024-03-22,3,86329,,regular
5513,2024-03-22,4,49975,,regular
5513,2024-03-22,5,98325,,regular
5514,2024-03-25,1,25794,,regular
5514,2024-03-25,2,98592,,regular
5514,2024-03-25,3,73857,,regular
5514,2024-03-25,4,20828,,regular
5514,2024-03-25,5,77943,,regular
5515,2024-03-28,1,81615,,regular
5515,2024-03-28,2,03865,,regular
5515,2024-03-28,3,96435,,regular
5515,2024-03-28,4,24272,,regular
5515,2024-03-28,5,89226,,regular
5516,2024-03-31,1,41757,,regular
5516,2024-03-31,2,12788,,regular
5516,2024-03-31,3,80640,,regular
5516,2024-03-31,4,62509,,regular
5516,2024-03-31,5,92948,,regular
5517,2024-04-03,1,35858,,regular
5517,2024-04-03,2,10714,,regular
5517,2024-04-03,3,39132,,regular
5517,2024-04-03,4,42237,,regular
5517,2024-04-03,5,75243,,regular
5518,2024-04-06,1,13519,,regular
5518,2024-04-06,2,34328,,regular
5518,2024-04-06,3,80867,,regular
5518,2024-04-06,4,20782,,regular
5518,2024-04-06,5,70357,,regular
5519,2024-04-09,1,36658,,regular
5519,2024-04-09,2,46964,,regular
5519,2024-04-09,3,00593,,regular
5519,2024-04-09,4,62299,,regular
5519,2024-04-09,5,33948,,regular
5520,2024-04-12,1,08438,,regular
5520,2024-04-12,2,72265,,regular
5520,2024-04-12,3,99578,,regular
5520,2024-04-12,4,46427,,regular
5520,2024-04-12,5,18977,,regular
5521,2024-04-15,1,53612,,regular
5521,2024-04-15,2,96410,,regular
5521,2024-04-15,3,07324,,regular
5521,2024-04-15,4,05159,,regular
5521,2024-04-15,5,97053,,regular
5522,2024-04-18,1,79948,,regular
5522,2024-04-18,2,54528,,regular
5522,2024-04-18,3,86697,,regular
5522,2024-04-18,4,11315,,regular
5522,2024-04-18,5,69197,,regular
5523,2024-04-21,1,81698,,regular
5523,2024-04-21,2,35726,,regular
5523,2024-04-21,3,21311,,regular
5523,2024-04-21,4,85715,,regular
5523,2024-04-21,5,17622,,regular
5524,2024-04-24,1,75151,,regular
5524,2024-04-24,2,26673,,regular
5524,2024-04-24,3,33177,,regular
5524,2024-04-24,4,62256,,regular
5524,2024-04-24,5,10893,,regular
5525,2024-04-27,1,91028,,regular
5525,2024-04-27,2,46867,,regular
5525,2024-04-27,3,02289,,regular
5525,2024-04-27,4,00329,,regular
5525,2024-04-27,5,61998,,regular
5526,2024-04-30,1,81411,,regular
5526,2024-04-30,2,42536,,regular
5526,2024-04-30,3,64194,,regular
5526,2024-04-30,4,82431,,regular
5526,2024-04-30,5,14523,,regular
5527,2024-05-03,1,76538,,regular
5527,2024-05-03,2,58516,,regular
5527,2024-05-03,3,78358,,regular
5527,2024-05-03,4,28208,,regular
5527,2024-05-03,5,84504,,regular
5528,2024-05-06,1,42522,,regular
5528,2024-05-06,2,31468,,regular
5528,2024-05-06,3,43012,,regular
5528,2024-05-06,4,09193,,regular
5528,2024-05-06,5,83787,,regular
5529,2024-05-09,1,38213,,regular
5529,2024-05-09,2,78027,,regular
5529,2024-05-09,3,97127,,regular
5529,2024-05-09,4,56911,,regular
5529,2024-05-09,5,53699,,regular
5530,2024-05-12,1,96782,,regular
5530,2024-05-12,2,30019,,regular
5530,2024-05-12,3,34579,,regular
5530,2024-05-12,4,87218,,regular
5530,2024-05-12,5,23137,,regular
5531,2024-05-15,1,13308,,regular
5531,2024-05-15,2,48823,,regular
5531,2024-05-15,3,65847,,regular
5531,2024-05-15,4,34830,,regular
5531,2024-05-15,5,35923,,regular
5532,2024-05-18,1,78838,,regular
5532,2024-05-18,2,91214,,regular
5532,2024-05-18,3,37208,,regular
5532,2024-05-18,4,29619,,regular
5532,2024-05-18,5,41664,,regular
5533,2024-05-21,1,11224,,regular
5533,2024-05-21,2,17498,,regular
5533,2024-05-21,3,63307,,regular
5533,2024-05-21,4,91597,,regular
5533,2024-05-21,5,12893,,regular
5534,2024-05-24,1,39408,,regular
5534,2024-05-24,2,18943,,regular
5534,2024-05-24,3,07389,,regular
5534,2024-05-24,4,76496,,regular
5534,2024-05-24,5,52654,,regular
5535,2024-05-27,1,10346,,regular
5535,2024-05-27,2,64183,,regular
5535,2024-05-27,3,12787,,regular
5535,2024-05-27,4,84398,,regular
5535,2024-05-27,5,94262,,regular
5536,2024-05-30,1,97796,,regular
5536,2024-05-30,2,32377,,regular
5536,2024-05-30,3,61759,,regular
5536,2024-05-30,4,49188,,regular
5536,2024-05-30,5,09651,,regular
5537,2024-06-02,1,09530,,regular
5537,2024-06-02,2,24944,,regular
5537,2024-06-02,3,74459,,regular
5537,2024-06-02,4,38379,,regular
5537,2024-06-02,5,45516,,regular
5538,2024-06-05,1,52826,,regular
5538,2024-06-05,2,09249,,regular
5538,2024-06-05,3,71847,,regular
5538,2024-06-05,4,26520,,regular
5538,2024-06-05,5,49984,,regular
5539,2024-06-08,1,99710,,regular
5539,2024-06-08,2,60366,,regular
5539,2024-06-08,3,63708,,regular
5539,2024-06-08,4,76120,,regular
5539,2024-06-08,5,97983,,regular
5540,2024-06-11,1,96787,,regular
5540,2024-06-11,2,64760,,regular
5540,2024-06-11,3,28893,,regular
5540,2024-06-11,4,55925,,regular
5540,2024-06-11,5,94299,,regular
5541,2024-06-14,1,47622,,regular
5541,2024-06-14,2,57144,,regular
5541,2024-06-14,3,62673,,regular
5541,2024-06-14,4,09734,,regular
5541,2024-06-14,5,96655,,regular
5542,2024-06-17,1,51548,,regular
5542,2024-06-17,2,62988,,regular
5542,2024-06-17,3,38183,,regular
5542,2024-06-17,4,28778,,regular
5542,2024-06-17,5,16456,,regular
5543,2024-06-20,1,93257,,regular
5543,2024-06-20,2,57676,,regular
5543,2024-06-20,3,84095,,regular
5543,2024-06-20,4,65905,,regular
5543,2024-06-20,5,61420,,regular
5544,2024-06-23,1,68061,,regular
5544,2024-06-23,2,64999,,regular
5544,2024-06-23,3,39207,,regular
5544,2024-06-23,4,00776,,regular
5544,2024-06-23,5,60126,,regular
5545,2024-06-26,1,69611,,regular
5545,2024-06-26,2,79613,,regular
5545,2024-06-26,3,67366,,regular
5545,2024-06-26,4,37708,,regular
5545,2024-06-26,5,63965,,regular
5546,2024-06-29,1,74366,,regular
5546,2024-06-29,2,14403,,regular
5546,2024-06-29,3,43716,,regular
5546,2024-06-29,4,49453,,regular
5546,2024-06-29,5,09247,,regular
5547,2024-07-02,1,77634,,regular
5547,2024-07-02,2,34212,,regular
5547,2024-07-02,3,04853,,regular
5547,2024-07-02,4,06674,,regular
5547,2024-07-02,5,03120,,regular
5548,2024-07-05,1,88504,,regular
5548,2024-07-05,2,90501,,regular
5548,2024-07-05,3,14488,,regular
5548,2024-07-05,4,40490,,regular
5548,2024-07-05,5,32012,,regular
5549,2024-07-08,1,26531,,regular
5549,2024-07-08,2,69776,,regular
5549,2024-07-08,3,13136,,regular
5549,2024-07-08,4,19178,,regular
5549,2024-07-08,5,79728,,regular
5550,2024-07-11,1,66062,,regular
5550,2024-07-11,2,07115,,regular
5550,2024-07-11,3,93040,,regular
5550,2024-07-11,4,98659,,regular
5550,2024-07-11,5,26647,,regular
5551,2024-07-14,1,96153,,regular
5551,2024-07-14,2,60678,,regular
5551,2024-07-14,3,82938,,regular
5551,2024-07-14,4,11277,,regular
5551,2024-07-14,5,60388,,regular
5552,2024-07-17,1,42003,,regular
5552,2024-07-17,2,14413,,regular
5552,2024-07-17,3,15487,,regular
5552,2024-07-17,4,48491,,regular
5552,2024-07-17,5,57772,,regular
5553,2024-07-20,1,22749,,regular
5553,2024-07-20,2,09901,,regular
5553,2024-07-20,3,09906,,regular
5553,2024-07-20,4,30587,,regular
5553,2024-07-20,5,94326,,regular
5554,2024-07-23,1,04554,,regular
5554,2024-07-23,2,96600,,regular
5554,2024-07-23,3,44304,,regular
5554,2024-07-23,4,97325,,regular
5554,2024-07-23,5,22363,,regular
5555,2024-07-26,1,98234,,regular
5555,2024-07-26,2,00694,,regular
5555,2024-07-26,3,35299,,regular
5555,2024-07-26,4,15355,,regular
5555,2024-07-26,5,25200,,regular
5556,2024-07-29,1,41120,,regular
5556,2024-07-29,2,09390,,regular
5556,2024-07-29,3,38470,,regular
5556,2024-07-29,4,65172,,regular
5556,2024-07-29,5,12210,,regular
5557,2024-08-01,1,14104,,regular
5557,2024-08-01,2,28199,,regular
5557,2024-08-01,3,87718,,regular
5557,2024-08-01,4,79019,,regular
5557,2024-08-01,5,43899,,regular
5558,2024-08-04,1,99536,,regular
5558,2024-08-04,2,98210,,regular
5558,2024-08-04,3,51862,,regular
5558,2024-08-04,4,60718,,regular
5558,2024-08-04,5,80299,,regular
5559,2024-08-07,1,57123,,regular
5559,2024-08-07,2,26095,,regular
5559,2024-08-07,3,10765,,regular
5559,2024-08-07,4,38783,,regular
5559,2024-08-07,5,14984,,regular
5560,2024-08-10,1,31162,,regular
5560,2024-08-10,2,80112,,regular
5560,2024-08-10,3,29763,,regular
5560,2024-08-10,4,37263,,regular
5560,2024-08-10,5,09839,,regular
5561,2024-08-13,1,18380,,regular
5561,2024-08-13,2,83344,,regular
5561,2024-08-13,3,05477,,regular
5561,2024-08-13,4,55425,,regular
5561,2024-08-13,5,49203,,regular
5562,2024-08-16,1,90684,,regular
5562,2024-08-16,2,55621,,regular
5562,2024-08-16,3,19668,,regular
5562,2024-08-16,4,57001,,regular
5562,2024-08-16,5,37693,,regular
5563,2024-08-19,1,48744,,regular
5563,2024-08-19,2,52540,,regular
5563,2024-08-19,3,77873,,regular
5563,2024-08-19,4,44520,,regular
5563,2024-08-19,5,76789,,regular
5564,2024-08-22,1,26973,,regular
5564,2024-08-22,2,64644,,regular
5564,2024-08-22,3,24223,,regular
5564,2024-08-22,4,60329,,regular
5564,2024-08-22,5,99620,,regular
5565,2024-08-25,1,33939,,regular
5565,2024-08-25,2,50634,,regular
5565,2024-08-25,3,99895,,regular
5565,2024-08-25,4,41201,,regular
5565,2024-08-25,5,43732,,regular
5566,2024-08-28,1,07557,,regular
5566,2024-08-28,2,51295,,regular
5566,2024-08-28,3,48791,,regular
5566,2024-08-28,4,87919,,regular
5566,2024-08-28,5,77647,,regular
5567,2024-08-31,1,35692,,regular
5567,2024-08-31,2,33885,,regular
5567,2024-08-31,3,52017,,regular
5567,2024-08-31,4,66800,,regular
5567,2024-08-31,5,21232,,regular
5568,2024-09-03,1,32237,,regular
5568,2024-09-03,2,15335,,regular
5568,2024-09-03,3,50822,,regular
5568,2024-09-03,4,05922,,regular
5568,2024-09-03,5,18166,,regular
5569,2024-09-06,1,69992,,regular
5569,2024-09-06,2,32566,,regular
5569,2024-09-06,3,22025,,regular
5569,2024-09-06,4,62713,,regular
5569,2024-09-06,5,44652,,regular
5570,2024-09-09,1,77440,,regular
5570,2024-09-09,2,29849,,regular
5570,2024-09-09,3,63246,,regular
5570,2024-09-09,4,44577,,regular
5570,2024-09-09,5,34483,,regular
5571,2024-09-12,1,65100,,regular
5571,2024-09-12,2,36499,,regular
5571,2024-09-12,3,29542,,regular
5571,2024-09-12,4,58812,,regular
5571,2024-09-12,5,44190,,regular
5572,2024-09-15,1,62016,,regular
5572,2024-09-15,2,76628,,regular
5572,2024-09-15,3,98498,,regular
5572,2024-09-15,4,84061,,regular
5572,2024-09-15,5,13695,,regular
5573,2024-09-18,1,34950,,regular
5573,2024-09-18,2,80877,,regular
5573,2024-09-18,3,15845,,regular
5573,2024-09-18,4,86805,,regular
5573,2024-09-18,5,75149,,regular
5574,2024-09-21,1,29671,,regular
5574,2024-09-21,2,68944,,regular
5574,2024-09-21,3,78063,,regular
5574,2024-09-21,4,30821,,regular
5574,2024-09-21,5,06454,,regular
5575,2024-09-24,1,75999,,regular
5575,2024-09-24,2,99584,,regular
5575,2024-09-24,3,23641,,regular
5575,2024-09-24,4,30165,,regular
5575,2024-09-24,5,30137,,regular
5576,2024-09-27,1,94246,,regular
5576,2024-09-27,2,55281,,regular
5576,2024-09-27,3,09735,,regular
5576,2024-09-27,4,95425,,regular
5576,2024-09-27,5,91193,,regular
5577,2024-09-30,1,63037,,regular
5577,2024-09-30,2,01636,,regular
5577,2024-09-30,3,74438,,regular
5577,2024-09-30,4,70723,,regular
5577,2024-09-30,5,70527,,regular
5578,2024-10-03,1,59028,,regular
5578,2024-10-03,2,94310,,regular
5578,2024-10-03,3,83177,,regular
5578,2024-10-03,4,42886,,regular
5578,2024-10-03,5,18255,,regular
5579,2024-10-06,1,87346,,regular
5579,2024-10-06,2,94757,,regular
5579,2024-10-06,3,33629,,regular
5579,2024-10-06,4,71381,,regular
5579,2024-10-06,5,06521,,regular
5580,2024-10-09,1,94124,,regular
5580,2024-10-09,2,43050,,regular
5580,2024-10-09,3,46386,,regular
5580,2024-10-09,4,32147,,regular
5580,2024-10-09,5,42393,,regular
5581,2024-10-12,1,92225,,regular
5581,2024-10-12,2,00121,,regular
5581,2024-10-12,3,54065,,regular
5581,2024-10-12,4,33610,,regular
5581,2024-10-12,5,82697,,regular
5582,2024-10-15,1,36172,,regular
5582,2024-10-15,2,49149,,regular
5582,2024-10-15,3,28471,,regular
5582,2024-10-15,4,65137,,regular
5582,2024-10-15,5,05858,,regular
5583,2024-10-18,1,75721,,regular
5583,2024-10-18,2,36368,,regular
5583,2024-10-18,3,80499,,regular
5583,2024-10-18,4,91085,,regular
5583,2024-10-18,5,18872,,regular
5584,2024-10-21,1,18681,,regular
5584,2024-10-21,2,33328,,regular
5584,2024-10-21,3,15381,,regular
5584,2024-10-21,4,14456,,regular
5584,2024-10-21,5,55796,,regular
5585,2024-10-24,1,63296,,regular
5585,2024-10-24,2,91959,,regular
5585,2024-10-24,3,69534,,regular
5585,2024-10-24,4,72118,,regular
5585,2024-10-24,5,96321,,regular
5586,2024-10-27,1,41110,,regular
5586,2024-10-27,2,21656,,regular
5586,2024-10-27,3,84604,,regular
5586,2024-10-27,4,32214,,regular
5586,2024-10-27,5,73818,,regular
5587,2024-10-30,1,29872,,regular
5587,2024-10-30,2,83911,,regular
5587,2024-10-30,3,94105,,regular
5587,2024-10-30,4,62178,,regular
5587,2024-10-30,5,79734,,regular
5588,2024-11-02,1,97453,,regular
5588,2024-11-02,2,01796,,regular
5588,2024-11-02,3,75851,,regular
5588,2024-11-02,4,84640,,regular
5588,2024-11-02,5,01651,,regular
5589,2024-11-05,1,89196,,regular
5589,2024-11-05,2,83010,,regular
5589,2024-11-05,3,28527,,regular
5589,2024-11-05,4,76223,,regular
5589,2024-11-05,5,55834,,regular
5590,2024-11-08,1,59442,,regular
5590,2024-11-08,2,45366,,regular
5590,2024-11-08,3,03822,,regular
5590,2024-11-08,4,20209,,regular
5590,2024-11-08,5,57964,,regular
5591,2024-11-11,1,09894,,regular
5591,2024-11-11,2,86220,,regular
5591,2024-11-11,3,39163,,regular
5591,2024-11-11,4,17217,,regular
5591,2024-11-11,5,73527,,regular
5592,2024-11-14,1,91035,,regular
5592,2024-11-14,2,87852,,regular
5592,2024-11-14,3,71695,,regular
5592,2024-11-14,4,98895,,regular
5592,2024-11-14,5,42511,,regular
5593,2024-11-17,1,53895,,regular
5593,2024-11-17,2,93218,,regular
5593,2024-11-17,3,32244,,regular
5593,2024-11-17,4,54702,,regular
5593,2024-11-17,5,89162,,regular
5594,2024-11-20,1,99542,,regular
5594,2024-11-20,2,18731,,regular
5594,2024-11-20,3,32236,,regular
5594,2024-11-20,4,35479,,regular
5594,2024-11-20,5,83224,,regular
5595,2024-11-23,1,13572,,regular
5595,2024-11-23,2,01256,,regular
5595,2024-11-23,3,42074,,regular
5595,2024-11-23,4,69535,,regular
5595,2024-11-23,5,08868,,regular
5596,2024-11-26,1,07968,,regular
5596,2024-11-26,2,61982,,regular
5596,2024-11-26,3,33189,,regular
5596,2024-11-26,4,79580,,regular
5596,2024-11-26,5,01814,,regular
5597,2024-11-29,1,96083,,regular
5597,2024-11-29,2,08279,,regular
5597,2024-11-29,3,81671,,regular
5597,2024-11-29,4,11323,,regular
5597,2024-11-29,5,83993,,regular
5598,2024-12-02,1,23002,,regular
5598,2024-12-02,2,86686,,regular
5598,2024-12-02,3,87064,,regular
5598,2024-12-02,4,52206,,regular
5598,2024-12-02,5,96520,,regular
5599,2024-12-05,1,21147,,regular
5599,2024-12-05,2,52471,,regular
5599,2024-12-05,3,35253,,regular
5599,2024-12-05,4,79949,,regular
5599,2024-12-05,5,24324,,regular
